frame,seq,t_mono,x,y,contrast,moat,crowd
3,3,309.410724,387,333,53,8,18
17,17,309.970456,857,1023,115,19,16
19,19,310.050415,825,1023,120,6,16
30,30,310.490203,929,0,65,23,2
31,31,310.530308,204,250,71,8,18
31,31,310.530308,224,184,50,6,17
33,33,310.610248,224,176,52,11,18
35,35,310.690105,225,170,52,3,17
55,55,311.489901,287,990,64,10,14
115,115,313.889477,1172,738,54,6,19
115,115,313.889477,1192,745,53,23,20
299,299,324.244857,1061,1023,154,20,5
310,310,324.684941,1103,1023,147,37,9
361,361,326.723945,1267,594,103,21,10
362,362,326.764830,1254,596,88,14,11
363,363,326.804061,1243,594,112,42,6
364,364,326.844044,1230,595,166,79,5
365,365,326.884065,1221,594,170,77,6
366,366,326.923774,1215,595,140,14,5
367,367,326.963792,1208,595,142,42,8
367,367,326.963792,1212,585,86,21,8
368,368,327.003851,1200,594,205,70,5
368,368,327.003851,1199,586,107,11,5
369,369,327.043756,1198,594,234,63,6
369,369,327.043756,1204,585,119,2,6
370,370,327.083778,1197,594,245,58,11
370,370,327.083778,1196,584,141,17,13
371,371,327.123901,1196,595,199,36,11
371,371,327.123901,1192,587,127,25,13
371,371,327.123901,1193,604,106,9,9
372,372,327.163809,1190,594,246,64,9
372,372,327.163809,1198,601,110,27,8
373,373,327.203962,1190,594,239,52,8
373,373,327.203962,1189,584,140,18,8
374,374,327.244092,1190,594,247,66,12
374,374,327.244092,1189,584,142,26,12
374,374,327.244092,1198,601,90,24,12
375,375,327.283859,1189,594,218,51,18
375,375,327.283859,1197,602,122,22,16
376,376,327.323902,1188,594,254,78,16
376,376,327.323902,1197,601,128,33,18
377,377,327.363685,1190,594,254,48,13
378,378,327.404104,1192,594,250,73,10
378,378,327.404104,1191,584,112,3,10
379,379,327.443582,1192,596,246,56,11
379,379,327.443582,1201,603,78,6,18
380,380,327.483764,1192,598,254,76,19
384,384,327.643680,1208,609,83,18,18
385,385,327.683823,1202,600,251,93,20
385,385,327.683823,1202,610,132,17,20
387,387,327.763469,1218,603,71,19,19
389,389,327.843641,1226,582,107,23,20
392,392,327.963625,1225,576,95,21,15
392,392,327.963625,1236,594,82,32,16
393,393,328.003476,1228,582,243,61,18
393,393,328.003476,1238,591,80,22,18
394,394,328.043478,1238,586,89,33,15
395,395,328.083448,1236,569,101,4,15
395,395,328.083448,1237,585,63,6,15
396,396,328.123514,1228,572,240,101,13
396,396,328.123514,1238,579,68,19,12
397,397,328.163488,1225,570,252,75,18
397,397,328.163488,1223,561,102,9,18
397,397,328.163488,1236,577,89,20,17
397,397,328.163488,1233,560,72,6,17
398,398,328.203373,1234,575,92,15,20
399,399,328.243295,1225,566,225,46,17
400,400,328.283274,1227,562,244,89,18
400,400,328.283274,1238,569,66,10,15
404,404,328.443424,1065,1023,188,37,2
405,405,328.483366,1064,1023,191,18,6
406,406,328.523285,1059,1023,132,22,8
407,407,328.563283,1044,1021,189,25,13
407,407,328.563283,1056,1018,144,7,13
407,407,328.563283,1073,1023,117,30,13
407,407,328.563283,1066,1021,73,4,13
409,409,328.643219,1235,546,215,66,16
409,409,328.643219,1234,536,82,15,16
410,410,328.683163,1026,1019,189,24,13
410,410,328.683163,1065,1023,189,14,14
410,410,328.683163,1046,1015,174,17,14
410,410,328.683163,1038,1017,151,23,14
411,411,328.723155,1225,550,254,59,17
411,411,328.723155,1223,540,119,20,17
411,411,328.723155,1234,557,57,8,17
412,412,328.763150,1222,550,236,74,20
412,412,328.763150,1022,1021,182,12,16
412,412,328.763150,1034,1018,165,25,16
412,412,328.763150,1051,1023,108,25,16
412,412,328.763150,1233,558,82,26,20
413,413,328.803265,1220,554,236,92,16
413,413,328.803265,1041,1023,169,11,3
413,413,328.803265,1230,561,68,23,16
414,414,328.843025,1222,560,152,21,20
414,414,328.843025,1234,568,65,3,20
414,414,328.843025,1232,552,55,4,20
414,414,328.843025,1045,1023,51,14,2
417,417,328.962946,1250,580,120,12,20
418,418,329.002952,1258,584,234,64,17
421,421,329.122983,1276,610,144,55,18
421,421,329.122983,1275,600,98,8,18
422,422,329.163069,1279,616,189,98,12
423,423,329.203006,1279,622,203,102,15
424,424,329.242975,1278,627,188,104,7
424,424,329.242975,1277,618,76,3,7
425,425,329.282945,1279,635,160,54,11
427,427,329.363049,1278,646,160,19,18
428,428,329.402822,1272,650,187,39,17
428,428,329.402822,1270,642,82,2,18
429,429,329.442957,1270,654,252,105,18
430,430,329.483090,1266,659,169,23,14
430,430,329.483090,314,428,56,34,6
432,432,329.562878,1253,652,112,37,19
433,433,329.602836,1251,664,184,10,18
434,434,329.642698,1246,666,177,40,12
435,435,329.682950,1238,668,161,11,13
435,435,329.682950,1247,659,57,6,12
435,435,329.682950,1249,676,51,17,13
436,436,329.722883,1233,670,176,21,11
436,436,329.722883,1231,661,93,10,11
437,437,329.763052,1230,668,247,96,9
437,437,329.763052,1242,675,60,3,11
438,438,329.802633,1224,669,170,23,9
439,439,329.842724,1216,667,164,13,15
439,439,329.842724,1225,674,79,4,15
439,439,329.842724,1215,676,68,6,15
440,440,329.882639,1210,666,172,64,12
441,441,329.922760,1206,664,198,56,10
441,441,329.922760,1206,655,69,4,10
441,441,329.922760,1216,671,67,11,14
446,446,330.122588,1180,611,83,11,17
446,446,330.122588,1181,621,82,6,17
447,447,330.162640,1180,594,91,20,13
448,448,330.202629,1179,578,72,8,15
449,449,330.242539,1182,559,61,5,14
450,450,330.282532,1197,540,67,13,14
450,450,330.282532,1191,549,65,11,14
450,450,330.282532,1187,1023,63,16,13
451,451,330.322512,1204,531,107,41,6
452,452,330.362620,1213,526,142,81,7
453,453,330.402664,1219,526,159,72,10
454,454,330.442358,1224,530,154,70,10
454,454,330.442358,1209,1023,121,4,6
454,454,330.442358,1227,1023,62,19,7
455,455,330.482413,1224,534,170,67,14
455,455,330.482413,1225,1023,79,24,10
456,456,330.522272,1222,536,127,33,13
457,457,330.562403,1220,538,153,53,15
457,457,330.562403,1219,529,73,16,8
458,458,330.602405,1214,544,92,6,12
458,458,330.602405,1224,550,51,24,12
459,459,330.642523,1203,554,77,10,9
461,461,330.722394,1190,564,137,26,8
461,461,330.722394,1200,570,51,18,8
462,462,330.762375,1186,565,98,26,11
463,463,330.802379,1172,574,75,15,10
464,464,330.842352,1160,584,63,9,7
464,464,330.842352,1168,576,50,2,7
465,465,330.882406,1145,594,69,19,6
466,466,330.922285,1129,606,60,8,15
467,467,330.962255,1118,614,59,3,9
468,468,331.002322,1101,622,74,18,7
469,469,331.042411,1093,625,79,8,8
470,470,331.082278,1083,631,85,33,5
471,471,331.122158,1072,632,66,17,8
472,472,331.162146,1061,636,78,15,4
473,473,331.202327,1053,642,134,37,3
474,474,331.242427,1051,645,211,93,3
475,475,331.282280,1047,646,124,68,4
476,476,331.322294,1039,646,104,15,4
477,477,331.362318,1027,646,86,28,3
478,478,331.402480,1013,644,78,34,3
479,479,331.522384,957,642,66,15,7
480,480,331.562198,941,641,79,37,7
481,481,331.602242,925,640,80,39,9
482,482,331.642331,911,642,108,57,6
483,483,331.682064,901,642,183,98,3
484,484,331.722059,894,644,207,101,3
485,485,331.762073,887,643,81,12,3
486,486,332.081912,863,648,207,139,5
487,487,332.121831,861,650,193,87,5
488,488,332.161734,861,650,207,56,6
489,489,332.201840,861,649,206,140,5
490,490,332.241841,859,648,204,86,6
491,491,332.281748,861,647,187,102,7
492,492,332.321895,868,647,194,91,6
493,493,332.362028,876,643,118,6,7
494,494,332.401864,877,640,160,32,7
495,495,332.441649,881,637,204,118,7
496,496,332.481717,883,636,202,132,8
496,496,332.481717,890,629,50,20,8
497,497,332.521722,887,634,175,23,6
498,498,332.561733,888,632,189,91,6
499,499,332.601803,887,629,202,69,6
500,500,332.641778,888,628,202,101,8
501,501,332.681624,889,626,192,61,5
502,502,332.721727,884,621,191,58,7
503,503,332.761390,880,620,201,10,8
504,504,332.801651,880,622,202,33,9
504,504,332.801651,889,627,52,5,9
505,505,332.841629,881,621,202,46,6
506,506,332.881516,876,617,200,29,7
507,507,332.921527,871,616,201,19,6
508,508,332.961511,871,617,201,70,5
509,509,333.001507,869,617,201,39,7
509,509,333.001507,880,622,54,9,7
510,510,333.041438,867,615,201,23,6
511,511,333.081310,866,613,197,37,6
511,511,333.081310,876,619,59,23,6
512,512,333.121437,866,612,202,88,6
513,513,333.161459,864,611,201,31,8
514,514,333.201541,862,609,200,23,7
514,514,333.201541,872,616,58,35,7
515,515,333.241294,859,608,158,3,11
516,516,333.281396,843,608,152,32,11
517,517,333.321428,830,606,166,90,7
518,518,333.361315,813,603,107,15,11
519,519,333.401427,799,604,159,38,12
520,520,333.441422,786,605,146,4,10
521,521,333.481294,777,604,197,19,6
522,522,333.521405,769,602,197,70,7
523,523,333.561408,761,602,196,23,6
524,524,333.601275,753,602,195,29,7
525,525,333.641287,746,601,192,48,9
526,526,333.681190,740,600,195,69,6
527,527,333.721038,733,598,195,55,8
528,528,333.761197,727,598,193,49,12
529,529,333.801032,722,596,195,61,6
530,530,333.841302,716,596,193,2,8
531,531,333.881309,709,597,160,27,6
532,532,333.921216,706,599,185,63,5
533,533,333.961035,703,599,192,60,9
534,534,334.001055,697,600,192,4,9
535,535,334.041537,691,600,191,103,5
536,536,334.081061,687,600,191,75,8
537,537,334.121075,682,600,190,73,6
538,538,334.160815,675,601,153,41,10
539,539,334.201226,670,599,178,46,4
540,540,334.241113,663,597,156,54,7
541,541,334.281124,655,596,135,56,10
542,542,334.320993,650,594,189,91,5
543,543,334.360954,649,593,171,90,5
544,544,334.400957,645,589,149,24,5
545,545,334.440846,639,588,188,103,6
546,546,334.480836,637,586,160,136,6
547,547,334.520987,633,581,142,33,7
548,548,334.561070,629,576,164,98,5
549,549,334.600933,626,574,160,119,6
550,550,334.640988,623,572,96,32,3
551,551,334.680710,623,565,177,100,4
552,552,334.720968,621,561,159,48,3
553,553,334.760855,620,561,154,52,3
555,555,334.840901,615,551,187,104,3
556,556,334.880921,611,551,186,76,6
557,557,334.920737,612,550,186,83,4
558,558,334.960785,610,550,186,101,4
559,559,335.000378,603,550,185,97,4
560,560,335.040557,600,553,186,96,4
561,561,335.080773,602,554,186,88,3
562,562,335.120672,600,553,186,123,4
563,563,335.161015,597,553,186,75,4
564,564,335.200811,597,554,186,60,7
565,565,335.240528,597,555,186,67,6
566,566,335.280390,598,553,186,58,4
567,567,335.320372,597,553,186,80,5
568,568,335.360465,599,556,186,67,4
569,569,335.400449,601,558,186,80,6
570,570,335.440306,605,561,185,57,3
571,571,335.480334,607,563,185,94,3
572,572,335.520442,606,566,185,75,3
573,573,335.560440,605,569,185,69,3
574,574,335.600430,608,574,163,102,3
575,575,335.640429,611,580,186,71,4
576,576,335.680376,612,581,186,91,3
577,577,335.720258,611,588,160,75,2
578,578,335.760330,612,594,113,16,2
579,579,335.800162,614,597,127,29,1
580,580,335.840371,615,600,185,70,2
581,581,335.880293,614,602,137,43,2
582,582,335.920212,613,605,155,73,2
583,583,335.960130,613,606,115,37,3
584,584,336.000105,614,607,183,110,5
585,585,336.040063,613,608,175,128,4
586,586,336.080090,611,609,154,109,3
587,587,336.120192,610,610,157,96,4
588,588,336.160223,610,611,169,123,3
589,589,336.200091,609,612,186,115,3
590,590,336.240067,607,612,185,131,3
591,591,336.280011,605,614,156,76,2
592,592,336.320088,605,616,169,86,3
593,593,336.360151,607,616,186,91,3
594,594,336.399945,607,615,144,16,2
595,595,336.439935,605,616,155,62,3
596,596,336.479973,606,620,136,42,4
597,597,336.519981,606,620,166,81,3
598,598,336.559854,607,620,186,105,4
599,599,336.599974,606,621,129,41,2
600,600,336.639969,608,626,108,10,3
601,601,336.679913,612,624,105,25,3
602,602,336.719904,615,624,135,47,3
603,603,336.759982,617,623,169,70,3
604,604,336.799976,617,622,166,23,3
605,605,336.839904,620,622,90,5,3
606,606,336.879751,624,621,165,83,4
607,607,336.919623,625,620,148,60,3
608,608,336.959743,623,618,132,47,3
609,609,336.999632,623,618,127,5,5
610,610,337.039622,625,616,168,78,3
611,611,337.079758,626,615,169,111,3
611,611,337.079758,423,0,61,28,20
612,612,337.119929,625,613,133,77,2
613,613,337.159755,621,611,138,78,2
614,614,337.199950,619,611,168,93,2
615,615,337.239808,620,612,147,93,3
616,616,337.279783,621,616,187,93,3
617,617,337.319935,619,619,110,41,3
618,618,337.359825,618,625,139,63,1
619,619,337.399784,618,636,99,44,4
620,620,337.439544,619,650,59,19,3
621,621,337.479583,619,664,59,7,3
622,622,337.519670,618,676,75,40,2
623,623,337.559571,615,690,64,5,3
624,624,337.599537,615,702,74,2,2
625,625,337.639485,615,712,89,27,2
626,626,337.679567,612,720,97,55,2
627,627,337.719553,607,724,76,15,4
628,628,337.759543,605,727,169,114,3
629,629,337.799514,607,729,126,83,3
630,630,337.839465,609,730,146,93,3
631,631,337.879346,604,731,96,67,4
632,632,337.919454,599,729,98,59,4
633,633,337.959326,596,726,107,59,2
634,634,337.999551,595,726,88,5,2
636,636,338.079433,588,701,76,5,2
637,637,338.119564,584,690,63,16,2
639,639,338.199326,581,657,57,8,2
640,640,338.239309,579,629,53,18,2
642,642,338.319363,571,585,76,22,1
644,644,338.399200,570,541,59,8,2
645,645,338.439217,572,523,63,7,3
646,646,338.479212,574,507,99,57,2
647,647,338.519237,578,495,56,11,4
648,648,338.559197,583,487,100,65,2
649,649,338.599207,589,480,100,47,4
650,650,338.639335,592,476,88,18,2
651,651,338.679103,594,472,122,72,2
652,652,338.719348,594,467,140,96,2
653,653,338.759215,597,464,141,88,3
654,654,338.798975,601,464,144,70,3
655,655,338.839064,601,465,186,121,3
656,656,338.879106,600,464,129,77,5
657,657,338.918981,599,464,186,140,3
658,658,338.959051,600,465,135,93,5
660,660,339.039038,618,457,66,48,3
661,661,339.079094,626,452,64,11,2
664,664,339.199023,653,434,111,57,3
665,665,339.239006,656,431,107,64,3
666,666,339.278898,662,428,67,33,4
667,667,339.318925,667,425,107,74,1
668,668,339.358944,672,422,113,59,2
669,669,339.398869,675,420,119,67,4
670,670,339.438895,674,418,137,81,1
671,671,339.478777,673,416,115,51,3
672,672,339.518882,672,415,128,76,3
673,673,339.558982,672,414,127,61,2
674,674,339.598793,667,412,108,70,4
675,675,339.639509,661,412,94,52,3
676,676,339.678757,654,415,93,48,2
677,677,339.718674,649,416,100,46,2
678,678,339.758656,646,421,102,45,2
679,679,339.798649,643,422,77,35,2
680,680,339.838659,635,423,67,23,4
681,681,339.878680,628,426,95,58,2
682,682,339.918726,624,428,135,98,2
683,683,339.958694,622,430,119,63,3
684,684,339.998829,621,432,141,91,3
685,685,340.038540,617,433,168,117,3
686,686,340.078567,616,435,160,122,2
687,687,340.118551,618,438,162,107,4
688,688,340.158692,619,438,148,93,3
689,689,340.198404,617,440,151,80,4
690,690,340.238409,615,442,164,94,3
691,691,340.278479,611,443,143,93,5
692,692,340.318566,609,444,184,117,3
693,693,340.358620,609,445,188,126,3
699,699,340.598332,675,453,70,36,2
700,700,340.638323,681,457,124,71,3
701,701,340.678387,685,462,89,25,2
702,702,340.718388,688,466,103,46,5
703,703,340.758433,689,468,187,107,2
704,704,340.798205,689,470,181,96,3
705,705,340.838272,689,473,136,90,2
706,706,340.878355,690,475,139,85,3
707,707,340.918354,689,475,187,115,2
708,708,340.958340,687,476,189,131,3
709,709,340.998369,686,477,135,76,5
710,710,341.038229,686,478,141,87,4
711,711,341.078286,685,478,159,90,3
712,712,341.118264,684,480,140,84,5
713,713,341.158129,683,480,179,131,3
714,714,341.198191,683,478,124,75,3
715,715,341.238162,681,478,185,116,3
716,716,341.278189,680,476,121,62,2
717,717,341.318221,678,476,89,22,3
720,720,341.438177,655,482,107,76,3
722,722,341.518050,640,485,139,102,2
723,723,341.558049,637,485,162,111,1
724,724,341.598038,635,484,177,125,2
725,725,341.637907,634,485,124,85,3
726,726,341.677893,633,484,146,105,3
727,727,341.717892,630,483,151,126,2
728,728,341.758005,629,483,159,109,3
729,729,341.797976,631,483,127,80,4
730,730,341.837772,635,483,151,103,3
731,731,341.877886,637,483,159,103,3
732,732,341.917905,639,485,186,134,1
733,733,341.957769,641,487,79,19,3
734,734,341.997808,645,490,141,90,4
735,735,342.037654,650,494,121,79,5
736,736,342.077707,653,498,109,54,4
737,737,342.117696,655,504,116,62,1
738,738,342.157719,659,510,111,81,4
739,739,342.197660,665,516,133,96,2
740,740,342.237858,666,522,134,77,2
741,741,342.277766,665,527,162,79,4
742,742,342.317868,665,532,105,35,2
743,743,342.357802,671,537,110,72,3
744,744,342.397549,675,542,166,118,3
745,745,342.437695,679,544,162,116,3
746,746,342.477553,683,547,117,78,4
747,747,342.517583,687,556,88,30,3
748,748,342.557541,695,561,68,18,3
749,749,342.597420,701,566,120,81,3
750,750,342.637454,704,572,141,94,5
751,751,342.677733,712,576,68,41,4
752,752,342.717518,721,580,67,41,4
753,753,342.757558,730,585,84,52,3
754,754,342.797637,735,590,143,84,2
755,755,342.837504,737,594,129,54,5
756,756,342.877559,739,600,128,79,2
757,757,342.917425,742,606,114,64,1
758,758,342.957373,745,610,161,111,3
759,759,342.997424,744,612,163,123,2
760,760,343.037340,743,612,183,108,3
761,761,343.077356,740,615,175,138,2
762,762,343.117499,739,614,148,101,3
763,763,343.157363,738,614,156,107,2
764,764,343.197385,734,612,119,69,3
765,765,343.237260,725,611,65,41,3
766,766,343.277434,719,610,112,73,4
767,767,343.317258,713,610,146,112,3
768,768,343.357297,709,608,110,70,4
769,769,343.397373,704,606,128,86,2
770,770,343.437224,701,604,169,128,3
771,771,343.477262,701,600,124,74,3
772,772,343.517269,704,596,87,33,1
773,773,343.557266,708,592,80,45,1
774,774,343.597132,715,583,61,25,1
775,775,343.637119,719,572,67,7,3
776,776,343.677258,722,562,82,43,1
777,777,343.717157,727,552,81,28,1
778,778,343.757141,731,542,53,4,4
779,779,343.797393,732,529,88,45,4
780,780,343.837156,732,519,102,56,2
781,781,343.877072,729,513,112,56,4
782,782,343.917018,730,507,91,24,2
783,783,343.956891,732,503,116,32,1
784,784,343.997015,731,501,103,40,4
785,785,344.036945,728,498,98,42,4
786,786,344.077081,728,496,134,100,1
787,787,344.117096,730,495,143,101,2
788,788,344.157031,729,495,121,85,3
789,789,344.196932,725,496,181,103,3
790,790,344.236933,723,498,140,94,3
791,791,344.276776,723,499,134,81,4
792,792,344.316788,723,499,154,107,4
793,793,344.357021,721,502,140,78,3
794,794,344.396950,718,506,98,42,3
795,795,344.436812,719,510,131,93,3
796,796,344.476799,716,516,134,87,2
797,797,344.516680,709,520,79,44,3
798,798,344.556807,703,524,138,88,3
799,799,344.596812,697,534,75,21,2
800,800,344.636713,689,544,56,21,2
801,801,344.676797,679,554,55,25,2
802,802,344.716719,671,562,74,29,2
803,803,344.756756,667,568,172,117,2
804,804,344.796804,663,574,168,122,3
805,805,344.836721,659,578,165,125,3
806,806,344.876717,657,581,86,35,1
807,807,344.916720,658,584,133,84,4
808,808,344.956739,660,585,141,110,3
809,809,344.996711,663,586,147,108,3
810,810,345.036700,664,587,155,121,3
811,811,345.076817,667,586,186,120,3
812,812,345.116827,669,584,168,110,2
813,813,345.156719,673,582,158,109,3
814,814,345.196471,675,580,191,135,3
815,815,345.236489,675,579,174,117,4
816,816,345.276456,679,578,139,99,3
817,817,345.316629,683,576,190,130,3
818,818,345.356357,685,574,141,81,4
819,819,345.396483,687,570,125,27,3
820,820,345.436680,693,568,113,71,4
821,821,345.476504,698,568,121,63,4
822,822,345.516636,701,568,172,115,4
823,823,345.556349,700,569,170,120,2
824,824,345.596410,699,568,186,116,4
825,825,345.636252,701,571,154,112,2
826,826,345.676449,703,573,170,123,4
827,827,345.716505,703,575,160,106,3
828,828,345.756395,703,581,114,29,3
829,829,345.796282,705,586,152,104,2
830,830,345.836367,707,592,137,87,3
831,831,345.876381,707,600,99,33,2
832,832,345.916367,705,612,67,18,2
833,833,345.956289,699,626,80,31,1
834,834,345.996406,696,642,68,26,2
835,835,346.036303,693,656,55,25,2
836,836,346.076275,689,670,66,33,4
837,837,346.116300,685,684,89,28,1
838,838,346.156271,683,694,63,13,1
840,840,346.236258,685,714,82,17,3
841,841,346.276328,687,720,133,77,3
842,842,346.316063,689,718,130,91,1
843,843,346.356193,693,710,150,90,3
844,844,346.396270,697,703,88,59,3
845,845,346.436139,701,697,103,71,2
846,846,346.475902,705,690,88,40,2
847,847,346.515917,706,685,128,72,3
848,848,346.555915,706,684,171,107,5
849,849,346.595935,707,682,172,144,4
850,850,346.635934,711,681,152,113,4
851,851,346.676105,715,680,150,107,3
852,852,346.716196,716,680,152,101,3
853,853,346.755913,717,678,190,151,3
854,854,346.795804,722,676,136,105,3
855,855,346.835800,726,675,106,67,3
856,856,346.875808,728,675,134,103,4
857,857,346.915850,729,675,159,110,3
858,858,346.956146,730,676,178,132,2
859,859,346.995827,732,676,126,72,4
860,860,347.035943,733,677,179,134,3
861,861,347.075948,738,677,136,96,2
862,862,347.115696,741,676,168,131,6
863,863,347.155729,745,674,190,135,5
864,864,347.195728,746,672,135,87,1
865,865,347.235738,748,669,163,115,2
866,866,347.275691,752,667,148,107,3
867,867,347.315830,755,666,133,78,3
868,868,347.355708,755,666,191,138,3
869,869,347.395640,755,666,149,103,4
870,870,347.435685,755,668,191,145,2
871,871,347.475491,757,670,155,122,3
872,872,347.515477,758,675,106,31,2
873,873,347.555469,758,677,144,95,3
874,874,347.595576,760,678,144,113,4
875,875,347.635617,760,681,169,120,3
876,876,347.675733,761,682,163,103,4
877,877,347.715620,767,682,96,44,3
880,880,347.835359,808,669,70,37,4
883,883,347.955561,833,660,128,79,3
884,884,347.995538,834,658,155,108,3
885,885,348.035503,834,655,126,72,4
886,886,348.075454,833,652,163,102,3
887,887,348.115487,834,649,109,68,2
889,889,348.195373,846,635,52,12,3
890,890,348.235364,850,629,83,39,4
891,891,348.275408,852,625,139,103,4
892,892,348.315286,853,619,121,73,5
893,893,348.355417,853,613,104,54,3
894,894,348.395278,854,609,143,103,3
895,895,348.435272,851,602,79,2,4
896,896,348.475264,843,602,53,24,5
899,899,348.595180,808,616,55,30,2
900,900,348.635199,797,620,86,68,3
901,901,348.675185,787,622,81,50,2
902,902,348.715176,781,623,98,76,7
903,903,348.755171,776,625,148,118,3
904,904,348.795276,773,626,198,151,4
905,905,348.835330,774,626,160,115,3
906,906,348.875244,780,624,86,44,3
907,907,348.915202,785,623,130,96,3
908,908,348.955174,786,621,178,133,4
909,909,348.994942,783,621,130,76,4
910,910,349.034923,782,622,163,113,4
911,911,349.074928,785,622,175,119,3
912,912,349.115013,786,623,181,144,4
913,913,349.154987,786,621,196,160,4
914,914,349.195061,786,620,153,92,5
915,915,349.235246,789,618,147,113,2
916,916,349.274956,793,613,80,46,2
917,917,349.314853,801,606,93,66,2
918,918,349.354853,805,602,134,89,4
919,919,349.394881,807,600,114,76,4
920,920,349.434857,809,598,199,120,2
921,921,349.474841,811,595,124,86,3
922,922,349.514836,813,591,92,26,5
923,923,349.554882,813,588,138,78,3
924,924,349.594974,809,588,149,103,5
926,926,349.674755,793,589,62,29,3
927,927,349.714776,786,588,111,85,2
928,928,349.754863,780,585,113,87,2
929,929,349.794873,775,582,102,63,2
930,930,349.834838,771,580,135,96,3
931,931,349.874895,765,582,155,120,4
932,932,349.914777,764,582,169,125,3
933,933,349.954760,764,582,173,127,2
934,934,349.994788,764,580,182,141,2
935,935,350.034620,763,580,168,111,3
936,936,350.074603,761,580,171,132,3
937,937,350.114765,761,578,179,132,4
938,938,350.154512,758,576,153,113,4
939,939,350.194591,755,576,179,140,2
940,940,350.234656,751,576,178,152,3
941,941,350.274543,749,574,200,154,2
942,942,350.314622,749,572,154,109,3
943,943,350.354385,750,570,153,106,3
944,944,350.394360,751,568,199,127,3
945,945,350.434374,751,566,143,83,4
946,946,350.474389,750,566,172,113,1
947,947,350.514401,753,564,180,142,3
948,948,350.554478,755,562,141,96,3
949,949,350.594370,758,559,163,121,2
950,950,350.634384,758,556,175,125,1
951,951,350.674300,759,551,121,52,1
952,952,350.714303,760,548,176,128,2
953,953,350.754296,761,545,145,72,5
954,954,350.794275,764,543,159,94,2
955,955,350.834303,767,540,167,115,2
956,956,350.874420,765,538,98,26,2
957,957,350.914285,764,535,134,80,3
958,958,350.954271,767,532,134,91,3
959,959,350.994159,771,530,187,128,3
960,960,351.034349,774,528,177,132,2
961,961,351.074191,773,525,149,92,4
962,962,351.114372,774,523,151,76,3
963,963,351.154302,775,521,148,98,2
964,964,351.194302,777,520,187,123,3
965,965,351.234054,777,519,154,102,4
966,966,351.274056,775,517,157,107,6
967,967,351.313949,774,518,189,155,2
968,968,351.354050,772,518,168,130,4
969,969,351.394289,773,518,177,142,2
970,970,351.434124,774,521,172,113,1
971,971,351.474319,772,524,128,83,4
972,972,351.514051,771,526,190,150,4
973,973,351.553988,772,529,166,82,1
974,974,351.594096,775,534,104,58,3
975,975,351.633977,780,538,124,67,1
976,976,351.674096,783,541,177,111,3
977,977,351.715921,788,543,134,84,2
978,978,351.753953,791,544,142,95,4
979,979,351.793972,793,546,172,119,2
980,980,351.833954,799,548,113,59,4
981,981,351.873859,805,550,81,44,4
982,982,351.913982,811,550,167,112,4
983,983,351.954028,817,548,83,45,2
986,986,352.073995,855,548,80,58,2
989,989,352.193758,883,550,108,73,2
990,990,352.235915,889,552,100,74,3
991,991,352.273742,893,552,91,65,2
992,992,352.313736,901,552,54,18,3
993,993,352.353908,909,552,54,21,3
994,994,352.393644,913,552,126,74,2
995,995,352.433760,917,553,101,56,2
996,996,352.473928,919,556,125,81,2
997,997,352.513771,922,560,84,18,5
998,998,352.553655,923,564,95,39,2
999,999,352.593649,923,564,156,100,2
1000,1000,352.633646,922,566,100,55,4
1001,1001,352.673632,919,564,98,50,4
1002,1002,352.713813,916,563,110,81,3
1003,1003,352.753818,914,564,118,86,3
1004,1004,352.793832,914,566,108,52,2
1005,1005,352.833667,915,567,107,62,4
1006,1006,352.873779,913,565,73,47,3
1007,1007,352.913547,914,561,85,34,3
1011,1011,353.073678,949,514,73,25,1
1015,1015,353.233563,949,460,63,12,1
1017,1017,353.313457,1084,1023,76,28,8
1017,1017,353.313457,945,433,60,33,2
1018,1018,353.353608,941,424,59,3,2
1020,1020,353.433454,935,399,56,19,1
1021,1021,353.473333,935,396,64,6,2
1022,1022,353.513349,935,389,79,41,2
1023,1023,353.553262,937,384,90,28,2
1024,1024,353.593216,935,382,76,35,1
1025,1025,353.633406,933,378,93,58,1
1026,1026,353.673473,933,379,88,37,1
1027,1027,353.713335,931,388,53,13,2
1028,1028,353.753339,929,398,58,26,1
1033,1033,353.953207,885,484,51,16,4
1034,1034,353.993222,883,500,56,16,1
1035,1035,354.033166,883,514,71,23,1
1040,1040,354.233110,843,636,52,13,4
1042,1042,354.312990,835,678,73,32,3
1043,1043,354.353003,833,694,50,10,4
1045,1045,354.433036,837,722,57,18,4
1046,1046,354.512971,851,737,86,60,2
1047,1047,354.553194,860,742,56,21,2
1048,1048,354.593072,865,745,55,27,4
1049,1049,354.632927,869,745,59,9,4
1050,1050,354.673063,877,744,54,28,3
1060,1060,355.072887,989,622,63,9,2
1061,1061,355.112788,993,607,55,3,2
1063,1063,355.192815,1000,579,53,12,2
1064,1064,355.232840,1001,572,72,6,2
1066,1066,355.312989,994,559,75,39,2
1067,1067,355.352685,993,556,110,64,1
1068,1068,355.393020,991,551,50,6,1
1069,1069,355.432976,984,550,66,35,3
1070,1070,355.472722,979,547,55,31,1
1071,1071,355.512557,973,543,66,35,1
1073,1073,355.592639,959,540,51,7,3
1075,1075,355.672627,939,540,60,34,3
1083,1083,355.992481,832,566,58,32,3
1085,1085,356.072348,816,574,119,80,4
1086,1086,356.112409,811,577,84,42,4
1087,1087,356.152396,806,581,106,62,2
1088,1088,356.192435,803,582,105,70,4
1089,1089,356.232552,799,580,143,90,4
1090,1090,356.272393,796,579,162,125,2
1091,1091,356.312691,793,577,154,83,2
1092,1092,356.352286,790,575,107,52,4
1093,1093,356.392278,785,575,153,106,2
1094,1094,356.432256,782,573,104,50,2
1095,1095,356.472148,778,569,109,58,4
1096,1096,356.511991,775,566,113,54,3
1097,1097,356.552045,773,563,118,78,4
1098,1098,356.592131,771,560,186,133,3
1099,1099,356.632289,770,558,162,128,2
1100,1100,356.672134,771,556,174,116,3
1101,1101,356.712041,774,553,133,89,4
1102,1102,356.752160,776,551,163,115,4
1103,1103,356.792060,777,550,181,142,3
1104,1104,356.832023,777,546,172,101,2
1105,1105,356.871997,777,546,190,132,2
1106,1106,356.912053,781,546,173,134,3
1107,1107,356.952059,783,548,200,149,4
1108,1108,356.991897,786,550,127,73,3
1109,1109,357.031944,788,551,160,123,2
1110,1110,357.071884,789,552,188,135,3
1111,1111,357.111886,787,552,152,94,3
1112,1112,357.152026,778,552,84,55,5
1113,1113,357.192021,765,553,58,29,4
1116,1116,357.311827,717,552,77,59,5
1117,1117,357.351924,705,552,55,29,4
1118,1118,357.391910,697,550,171,144,2
1119,1119,357.431778,693,548,180,142,5
1120,1120,357.471863,687,547,139,117,3
1121,1121,357.511732,683,546,192,149,4
1122,1122,357.551785,679,545,197,141,3
1123,1123,357.591932,674,545,167,133,3
1124,1124,357.631931,669,546,164,112,3
1125,1125,357.671830,668,545,193,158,3
1126,1126,357.711549,666,544,195,162,2
1127,1127,357.751682,663,540,195,164,2
1128,1128,357.791608,660,537,195,152,2
1129,1129,357.831553,660,536,188,154,2
1130,1130,357.871707,662,533,169,118,4
1131,1131,357.911719,664,529,175,107,2
1132,1132,357.951582,666,525,190,122,3
1133,1133,357.991572,669,522,166,115,3
1134,1134,358.031581,676,518,125,85,2
1135,1135,358.071765,684,513,99,62,2
1136,1136,358.111597,693,508,107,79,1
1137,1137,358.151510,698,505,144,98,2
1138,1138,358.191458,704,505,146,97,3
1139,1139,358.231509,709,508,152,99,1
1140,1140,358.271601,715,514,159,91,4
1141,1141,358.311469,721,517,98,64,3
1142,1142,358.351469,731,521,68,30,5
1143,1143,358.391253,744,523,58,34,5
1144,1144,358.431355,757,526,96,50,3
1145,1145,358.471332,769,528,65,31,3
1151,1151,358.711305,889,497,50,11,4
1152,1152,358.751366,902,485,51,8,2
1155,1155,358.871382,925,466,138,71,2
1156,1156,358.911331,926,463,131,79,1
1157,1157,358.951537,925,460,166,99,2
1158,1158,358.991275,925,460,191,123,2
1159,1159,359.031323,923,462,131,87,3
1160,1160,359.071469,919,465,98,45,4
1161,1161,359.111416,918,467,98,52,1
1162,1162,359.151169,913,470,122,66,1
1163,1163,359.191370,910,472,155,114,5
1164,1164,359.231305,909,472,193,145,3
1165,1165,359.271263,908,473,164,116,1
1166,1166,359.311331,906,474,124,80,4
1167,1167,359.351283,905,475,149,77,4
1168,1168,359.391422,905,477,146,71,3
1169,1169,359.431147,904,479,97,47,4
1170,1170,359.471142,899,481,92,31,4
1171,1171,359.511188,896,482,96,20,5
1172,1172,359.551106,895,484,105,30,2
1173,1173,359.590930,893,490,90,40,2
1174,1174,359.631046,890,498,81,31,3
1175,1175,359.670955,885,508,94,32,2
1176,1176,359.710931,881,517,80,14,3
1177,1177,359.750975,879,524,62,7,7
1178,1178,359.790952,877,538,82,31,4
1179,1179,359.831271,875,546,98,52,4
1180,1180,359.870928,872,550,68,2,3
1181,1181,359.910986,871,562,113,51,4
1182,1182,359.950808,871,566,120,58,3
1183,1183,359.990798,869,571,148,104,3
1184,1184,360.030720,867,578,97,31,5
1185,1185,360.070825,869,582,128,75,3
1186,1186,360.110769,872,584,110,67,4
1187,1187,360.150928,880,588,63,37,5
1188,1188,360.190825,894,587,59,36,5
1189,1189,360.231005,903,586,141,124,4
1190,1190,360.270814,907,585,113,79,4
1191,1191,360.310876,913,584,137,118,5
1192,1192,360.350735,917,583,70,7,4
1193,1193,360.390581,921,582,190,157,5
1194,1194,360.430650,925,582,161,128,5
1195,1195,360.470702,927,579,111,74,1
1196,1196,360.510711,929,578,178,144,5
1197,1197,360.550822,929,577,127,80,3
1198,1198,360.590604,929,573,86,25,3
1199,1199,360.630623,929,571,77,15,3
1200,1200,360.670586,925,563,100,70,2
1201,1201,360.710757,925,558,100,59,2
1202,1202,360.750630,927,554,89,41,3
1203,1203,360.790607,934,547,58,21,2
1204,1204,360.831135,940,541,72,40,1
1205,1205,360.870556,945,534,57,14,2
1206,1206,360.910409,950,529,90,47,1
1207,1207,360.950505,953,523,69,32,1
1208,1208,360.990498,952,517,82,30,2
1209,1209,361.030495,954,514,83,14,2
1210,1210,361.070381,953,504,93,14,2
1211,1211,361.110450,952,501,69,15,2
1212,1212,361.150627,953,500,94,57,2
1213,1213,361.190439,953,499,130,70,2
1214,1214,361.230466,953,500,85,11,2
1215,1215,361.270458,949,503,54,6,2
1218,1218,361.390378,927,493,62,2,2
1221,1221,361.510522,912,482,66,13,3
1225,1225,361.670057,885,482,88,61,1
1228,1228,361.790204,852,484,51,28,3
1229,1229,361.830822,843,484,69,32,3
1230,1230,361.869939,835,486,86,65,2
1231,1231,361.910047,831,490,150,121,2
1247,1247,362.549767,687,474,91,69,2
1248,1248,362.589839,683,475,120,96,3
1264,1264,363.229504,643,514,59,14,1
1279,1279,363.829158,569,484,76,31,2
1325,1325,365.668426,847,1023,169,26,16
1331,1331,365.908568,1002,534,56,24,1
1338,1338,366.188340,651,528,50,21,2
1353,1353,366.787970,730,544,63,15,1
1367,1367,367.348034,1050,232,60,38,1
1382,1382,367.947620,1194,528,52,6,5
1383,1383,367.987581,1195,535,52,14,2
1384,1384,368.027444,245,298,59,5,18
1384,1384,368.027444,1193,542,58,8,3
1402,1402,368.747349,765,649,65,58,1
1404,1404,368.827359,750,631,76,48,1
1405,1405,368.867328,745,625,97,83,1
1406,1406,368.906937,741,619,88,65,1
1407,1407,368.946958,739,615,111,81,1
1408,1408,368.986969,738,613,94,41,1
1409,1409,369.027118,737,609,85,53,2
1410,1410,369.067142,735,606,76,10,1
1411,1411,369.107093,735,606,112,84,1
1412,1412,369.146980,736,605,102,71,1
1413,1413,369.187000,735,604,80,43,1
1414,1414,369.226986,733,604,87,69,1
1415,1415,369.266875,733,604,66,24,2
1417,1417,369.346902,737,612,95,47,1
1420,1420,369.466848,738,645,53,14,1
1421,1421,369.506867,735,660,51,20,1
1423,1423,369.586954,731,679,55,26,3
1424,1424,369.626825,729,688,105,76,1
1425,1425,369.666803,729,694,92,54,1
1426,1426,369.706871,732,693,72,19,1
1435,1435,370.066794,743,444,60,29,2
1442,1442,370.346544,732,710,69,19,1
1447,1447,370.546693,763,630,69,57,1
1448,1448,370.586569,764,620,74,30,1
1449,1449,370.626451,763,612,85,43,2
1450,1450,370.666557,762,607,66,8,2
1451,1451,370.706563,761,603,79,15,3
1452,1452,370.746486,761,602,73,27,2
1453,1453,370.786402,762,601,71,33,2
1454,1454,370.826325,763,601,98,70,1
1455,1455,370.866352,765,601,71,14,1
1456,1456,370.906351,768,605,83,55,1
1461,1461,371.106482,757,734,80,50,1
1468,1468,371.386121,778,500,66,27,1
1469,1469,371.426156,780,497,105,83,1
1470,1470,371.466146,782,502,75,40,1
1494,1494,372.426313,826,605,70,41,1
1495,1495,372.465845,826,609,92,62,2
1496,1496,372.505881,824,613,58,30,1
1497,1497,372.545827,823,615,85,51,1
1498,1498,372.585810,827,615,67,40,1
1499,1499,372.625829,828,613,85,64,1
1500,1500,372.665833,830,611,109,92,1
1501,1501,372.705767,832,609,95,62,1
1502,1502,372.745825,833,608,93,75,1
1503,1503,372.785722,832,607,104,79,1
1504,1504,372.825725,832,606,92,70,1
1505,1505,372.865732,833,604,94,58,1
1506,1506,372.905694,834,603,73,11,2
1507,1507,372.945671,837,602,80,67,1
1508,1508,372.985587,840,599,87,70,2
1509,1509,373.025634,843,598,54,20,1
1510,1510,373.065485,846,595,113,95,1
1511,1511,373.105487,847,594,120,104,1
1512,1512,373.145559,849,592,85,59,1
1513,1513,373.185581,853,590,111,94,1
1514,1514,373.225640,856,588,80,67,1
1515,1515,373.265605,860,588,64,7,1
1516,1516,373.305360,863,584,97,55,3
1517,1517,373.345344,864,585,78,43,1
1518,1518,373.385340,865,589,85,39,1
1519,1519,373.425330,867,594,67,34,2
1520,1520,373.465350,869,602,61,28,1
1521,1521,373.505328,871,608,66,21,1
1522,1522,373.545366,875,610,57,20,1
1523,1523,373.585360,877,612,102,69,1
1524,1524,373.625340,877,614,95,53,1
1525,1525,373.665220,877,616,102,73,1
1526,1526,373.705229,877,619,118,93,1
1527,1527,373.745250,879,619,78,51,1
1528,1528,373.785278,881,618,93,55,1
1529,1529,373.825450,883,617,63,51,1
1531,1531,373.905372,889,616,56,18,1
1532,1532,373.945121,891,611,58,16,1
1533,1533,373.985115,891,610,67,42,1
1534,1534,374.025258,891,606,71,30,1
1535,1535,374.065162,891,599,55,15,1
1536,1536,374.105201,890,591,72,50,1
1537,1537,374.146023,891,587,62,25,2
1538,1538,374.185122,893,583,65,26,2
1539,1539,374.225115,895,580,94,80,1
1540,1540,374.265012,893,578,71,31,1
1541,1541,374.305013,892,577,94,76,1
1542,1542,374.345022,889,575,53,6,3
1543,1543,374.385018,887,574,100,85,1
1544,1544,374.424907,885,574,128,114,1
1545,1545,374.465086,884,575,95,58,1
1546,1546,374.505035,883,574,111,96,1
1547,1547,374.545086,881,575,101,83,1
1548,1548,374.584915,880,575,83,61,1
1549,1549,374.625017,878,576,96,75,1
1550,1550,375.064981,871,590,51,38,1
1558,1558,375.944276,987,594,66,49,1
1566,1566,376.264429,949,598,78,57,1
1567,1567,376.304141,948,601,59,23,1
1568,1568,376.344446,945,601,68,54,1
1569,1569,376.384347,941,603,50,24,1
1576,1576,376.664157,915,601,58,50,1
1585,1585,377.023970,1021,1023,57,10,9
1586,1586,377.064089,1009,1023,142,21,8
1587,1587,377.104222,986,1023,113,25,5
1588,1588,377.143978,959,1023,154,14,11
1588,1588,377.143978,975,1023,87,2,11
1589,1589,377.184028,945,1023,184,38,16
1589,1589,377.184028,957,1020,90,2,16
1590,1590,377.223842,935,1023,165,18,14
1590,1590,377.223842,951,1020,110,6,14
1591,1591,377.263883,942,1023,202,19,5
1592,1592,377.303823,943,1023,188,63,8
1602,1602,377.703836,659,627,71,68,1
1604,1604,377.783992,661,632,61,55,1
1606,1606,378.223421,661,638,59,50,1
1607,1607,378.263441,661,638,59,50,1
1608,1608,378.303671,661,638,59,50,1
1609,1609,378.343516,661,638,59,50,1
1610,1610,378.383622,661,638,59,50,1
1611,1611,378.423561,661,638,59,50,1
1612,1612,378.463522,661,638,59,50,1
1613,1613,378.503272,661,638,59,50,1
1614,1614,378.543273,661,638,59,50,1
1615,1615,378.583272,661,638,59,50,1
1616,1616,378.623297,661,638,59,50,1
1617,1617,378.663550,661,638,59,50,1
1618,1618,378.703398,661,638,59,50,1
1619,1619,378.743426,661,638,59,50,1
1620,1620,378.783313,661,638,59,50,1
1621,1621,378.823304,661,638,59,50,1
1622,1622,378.863449,661,638,59,50,1
1623,1623,378.903164,661,638,59,50,1
1624,1624,378.943162,661,638,59,50,1
1625,1625,378.983276,661,638,59,50,1
1626,1626,379.023321,661,638,59,50,1
1627,1627,379.063243,661,638,59,50,1
1628,1628,379.103091,661,638,59,50,1
1629,1629,379.143064,661,638,59,50,1
1630,1630,379.182917,661,638,59,50,1
1631,1631,379.223064,661,638,59,50,1
1632,1632,379.263106,661,638,59,50,1
1633,1633,379.303082,661,638,59,50,1
1634,1634,379.343282,661,638,59,50,1
1635,1635,379.383197,661,638,59,50,1
1636,1636,379.423077,661,638,59,50,1
1637,1637,379.463074,661,638,59,50,1
1638,1638,379.503436,661,638,59,50,1
1639,1639,379.543328,661,638,59,50,1
1640,1640,379.583345,661,638,59,50,1
1641,1641,379.623300,661,638,59,50,1
1642,1642,379.662972,661,638,59,50,1
1643,1643,379.702966,661,638,59,50,1
1644,1644,379.742923,661,638,59,50,1
1645,1645,379.782986,661,638,59,50,1
1646,1646,379.822882,661,638,59,50,1
1647,1647,379.862740,661,638,59,50,1
1721,1721,382.821702,923,1023,140,30,20
1746,1746,384.021524,820,1016,201,22,18
1746,1746,384.021524,793,1019,185,13,18
1746,1746,384.021524,827,1023,142,18,18
1746,1746,384.021524,803,1018,104,8,18
1747,1747,384.061504,789,1023,196,32,9
1747,1747,384.061504,813,1019,191,18,9
1748,1748,384.101589,791,1023,191,2,16
1748,1748,384.101589,810,1020,175,9,16
1749,1749,384.141387,813,1020,202,33,19
1752,1752,384.261364,802,1023,199,3,10
1754,1754,384.381214,795,1020,200,35,19
1755,1755,384.421741,793,1020,195,11,14
1756,1756,384.461361,790,1021,186,17,19
1757,1757,384.501379,758,1023,198,10,15
1757,1757,384.501379,785,1019,180,16,15
1758,1758,384.541381,782,1019,197,12,16
1758,1758,384.541381,752,1023,191,16,16
1759,1759,384.581120,772,1018,186,19,16
1759,1759,384.581120,746,1021,186,30,16
1759,1759,384.581120,781,1023,159,17,16
1759,1759,384.581120,761,1019,82,13,16
1761,1761,384.661121,737,1019,183,17,17
1761,1761,384.661121,773,1023,166,2,17
1761,1761,384.661121,750,1018,94,12,17
1762,1762,384.701144,732,1020,194,14,15
1762,1762,384.701144,764,1017,188,8,15
1762,1762,384.701144,746,1018,111,31,15
1764,1764,384.781257,753,1016,190,3,19
1764,1764,384.781257,736,1018,129,17,19
1770,1770,385.021082,706,1021,193,20,17
1770,1770,385.021082,733,1017,182,7,17
1771,1771,385.060962,734,1019,197,7,19
1771,1771,385.060962,703,1022,193,18,19
1771,1771,385.060962,716,1020,78,6,19
1772,1772,385.101041,731,1019,192,11,17
1844,1844,387.980000,262,44,56,7,17
1861,1861,388.659653,763,1023,86,40,5
1862,1862,388.699550,739,1021,163,19,14
1862,1862,388.699550,766,1016,143,16,14
1862,1862,388.699550,779,1023,118,29,14
1862,1862,388.699550,763,1023,53,5,14
1863,1863,388.739698,811,1023,78,69,16
1881,1881,389.459279,822,1023,123,13,20
1892,1892,389.899069,827,1023,125,16,17
1901,1901,390.259076,908,1020,174,3,7
1901,1901,390.259076,901,1023,164,10,7
2099,2099,398.495421,520,1023,172,39,3
2099,2099,398.495421,491,1023,82,10,3
2110,2110,398.935380,72,569,53,33,1
2155,2155,401.134464,936,1016,179,33,19
2155,2155,401.134464,962,1014,157,31,19
2155,2155,401.134464,978,1023,105,7,19
2155,2155,401.134464,953,1015,67,17,19
2155,2155,401.134464,968,1023,50,27,19
2156,2156,401.174388,940,1017,197,36,19
2156,2156,401.174388,987,1023,134,44,19
2156,2156,401.174388,957,1015,74,5,19
2157,2157,401.214380,975,1016,173,28,18
2157,2157,401.214380,947,1018,171,14,18
2157,2157,401.214380,963,1017,69,4,18
2158,2158,401.254351,956,1021,189,53,18
2158,2158,401.254351,965,1020,119,2,18
2159,2159,401.294637,964,1021,199,54,16
2159,2159,401.294637,990,1018,143,13,18
2159,2159,401.294637,979,1019,63,7,18
2160,2160,401.334480,969,1023,174,21,13
2160,2160,401.334480,990,1020,90,13,13
2162,2162,401.414477,1003,1023,167,12,4
2162,2162,401.414477,979,1023,124,13,4
2163,2163,401.454623,1009,1023,111,24,6
2358,2358,409.251222,833,712,57,54,1
2359,2359,409.291479,830,712,80,77,1
2360,2360,409.331322,829,712,96,90,1
2367,2367,409.611336,823,784,53,28,1
2404,2404,411.090598,527,1023,61,22,12
2680,2680,422.126425,47,533,51,9,14
2831,2831,428.163674,10,480,50,12,17
2855,2855,429.123468,0,504,59,11,8
2898,2898,430.842847,1113,170,73,62,2
2911,2911,431.362598,1218,429,57,14,2
2913,2913,431.442529,1229,446,65,53,1
2916,2916,431.562343,1245,461,100,88,11
2922,2922,431.802512,1279,492,59,50,15
3185,3185,442.638236,977,1023,178,38,4
3186,3186,442.678241,954,1023,205,15,19
3187,3187,442.718262,962,1019,186,24,19
3187,3187,442.718262,988,1017,172,21,19
3187,3187,442.718262,973,1018,84,16,19
3226,3226,444.277560,1072,1023,171,27,13
3227,3227,444.317442,1072,1023,181,39,9
3228,3228,444.357319,1058,1023,200,50,17
3228,3228,444.357319,1069,1020,73,8,17
3243,3243,444.957283,1190,1022,116,10,20
3380,3380,450.435043,312,43,83,5,17
3380,3380,450.435043,311,50,81,4,17
3381,3381,450.474957,318,40,98,30,18
3383,3383,450.554798,331,30,99,25,19
3384,3384,450.594935,345,17,87,10,14
3384,3384,450.594935,339,24,79,4,13
3386,3386,450.675085,376,4,60,7,8
3504,3504,455.393105,427,583,54,17,8
3504,3504,455.393105,427,606,52,8,3
3842,3842,468.907825,63,627,56,16,15
3972,3972,474.106082,116,647,55,7,15
3972,3972,474.106082,120,672,51,2,11
3973,3973,474.145844,120,669,55,3,13
3978,3978,474.345752,130,649,71,17,13
3980,3980,474.425716,140,651,80,26,14
3981,3981,474.465867,139,651,71,18,17
3981,3981,474.465867,143,669,59,10,15
3982,3982,474.505654,140,649,73,12,13
3982,3982,474.505654,136,611,51,7,5
3983,3983,474.545701,141,646,51,3,14
3985,3985,474.625860,150,629,53,9,14
3987,3987,474.705713,145,587,56,5,18
3988,3988,474.745424,150,609,56,11,14
3988,3988,474.745424,149,630,50,4,12
3989,3989,474.785474,152,605,55,13,12
3989,3989,474.785474,152,614,50,4,12
3990,3990,474.825364,152,601,76,10,14
3990,3990,474.825364,156,619,64,8,12
3990,3990,474.825364,147,570,57,5,13
3991,3991,474.865483,152,599,72,11,15
3991,3991,474.865483,148,561,66,9,11
3992,3992,474.905625,154,597,77,18,12
3993,3993,474.945760,157,601,63,9,13
3993,3993,474.945760,153,569,58,10,11
3993,3993,474.945760,161,621,54,2,11
3994,3994,474.985411,158,606,71,5,11
3994,3994,474.985411,153,572,61,14,7
3996,3996,475.065366,143,581,61,13,9
3996,3996,475.065366,147,632,50,4,9
3997,3997,475.105344,143,617,73,14,13
3997,3997,475.105344,147,635,53,4,12
4000,4000,475.225523,117,646,54,5,7
4000,4000,475.225523,117,627,52,8,9
4002,4002,475.305387,107,597,50,6,18
4004,4004,475.385143,98,638,62,18,12
4004,4004,475.385143,101,656,53,2,10
4006,4006,475.465315,91,639,64,9,18
4006,4006,475.465315,91,656,60,7,17
4007,4007,475.505579,86,638,54,8,13
4008,4008,475.545274,85,656,51,3,19
4019,4019,475.985070,17,639,58,2,16
4022,4022,476.105049,26,635,53,4,15
4024,4024,476.184996,25,633,58,18,16
4197,4197,483.102077,184,370,61,5,11
4200,4200,483.222042,163,374,57,4,15
4201,4201,483.262240,158,378,61,4,15
4202,4202,483.301951,152,382,54,4,20
4288,4288,486.740530,1210,721,58,11,7
4289,4289,486.780520,1197,699,56,5,3
4292,4292,486.900557,1149,645,54,8,2
4293,4293,486.940443,1129,637,81,28,20
4294,4294,486.981446,1114,629,66,4,16
4299,4299,487.180558,1023,567,56,47,6
4300,4300,487.220465,1007,557,60,38,3
4382,4382,490.499138,923,1023,95,32,4
4383,4383,490.539136,915,1023,197,9,2
4384,4384,490.579120,924,1021,189,23,6
4384,4384,490.579120,915,1023,178,4,6
4385,4385,490.619385,914,1023,149,5,6
4386,4386,490.659451,901,1023,203,18,14
4386,4386,490.659451,925,1019,156,6,14
4387,4387,490.699145,893,1020,207,57,16
4387,4387,490.699145,921,1017,151,21,16
4387,4387,490.699145,929,1023,144,27,16
4387,4387,490.699145,908,1018,80,12,16
4405,4405,491.419017,916,1022,194,45,14
4405,4405,491.419017,942,1019,187,44,14
4405,4405,491.419017,949,1023,111,16,14
4405,4405,491.419017,927,1020,100,4,14
4406,4406,491.458683,948,1023,201,22,4
4441,4441,492.858596,385,493,52,4,10
4447,4447,493.098166,487,473,53,7,18
4448,4448,493.138370,490,472,106,33,15
4735,4735,504.614069,116,233,51,14,11
4738,4738,504.733826,149,252,57,11,8
4738,4738,504.733826,146,227,53,11,10
4739,4739,504.773555,148,230,50,2,20
4742,4742,504.893647,148,246,50,2,10
4743,4743,504.933464,140,250,56,9,14
4744,4744,504.973617,139,258,52,6,16
4745,4745,505.013878,142,264,54,4,14
4748,4748,505.133789,117,302,51,9,10
5344,5344,529.324377,962,1023,177,48,16
5356,5356,529.803803,864,1023,169,39,19
5386,5386,531.003371,873,1022,195,25,12
5386,5386,531.003371,896,1023,81,17,12
5493,5493,535.281325,972,1023,136,9,10
5498,5498,535.481277,1061,1023,144,12,17
5535,5535,536.960822,650,1023,79,16,19
5535,5535,536.960822,633,1021,54,7,19
5547,5547,537.440594,529,1023,83,56,19
5547,5547,537.440594,517,1021,66,14,19
5578,5578,538.920094,442,0,60,9,11
5580,5580,538.999819,446,2,63,17,20
5582,5582,539.079886,998,1020,197,7,20
5583,5583,539.119837,995,1020,188,13,13
5584,5584,539.159815,992,1021,220,36,13
5585,5585,539.199826,993,1021,220,64,8
5585,5585,539.199826,1002,1020,152,10,8
5585,5585,539.199826,349,1023,61,43,10
5586,5586,539.239951,994,1023,219,28,7
5586,5586,539.239951,1005,1020,133,28,13
5587,5587,539.279958,993,1022,220,29,8
5588,5588,539.319874,992,1023,202,9,13
5588,5588,539.319874,1002,1020,140,14,13
5589,5589,539.359684,994,1023,205,11,7
5590,5590,539.399832,1008,1023,211,10,15
5591,5591,539.439699,1010,1023,214,22,20
5593,5593,539.519704,1003,1023,189,16,20
5594,5594,539.559708,990,1023,220,35,10
5595,5595,539.599786,986,1021,221,27,11
5684,5684,543.158279,1065,988,62,3,20
5685,5685,543.198157,1061,983,89,4,20
5686,5686,543.238284,856,1023,129,34,20
5690,5690,543.398171,1099,977,82,21,20
5790,5790,547.396634,965,1023,110,21,19
5856,5856,550.035568,491,1023,53,20,19
5868,5868,550.515515,848,1023,188,41,12
5868,5868,550.515515,882,1023,115,30,12
5868,5868,550.515515,865,1019,66,9,12
5886,5886,551.235260,863,1023,189,5,12
5886,5886,551.235260,889,1018,142,25,12
5886,5886,551.235260,877,1020,57,3,12
5921,5921,552.634566,971,1023,110,51,3
5931,5931,553.034508,864,1023,177,24,20
5933,5933,553.114608,887,1023,138,25,18
5962,5962,554.274207,966,1023,203,72,13
5971,5971,554.634044,910,1023,154,28,18
5972,5972,554.674029,1009,954,155,6,19
5989,5989,555.353685,1100,1023,72,2,10
5994,5994,555.553676,1199,570,77,8,12
5995,5995,555.593751,1145,560,70,18,18
6002,6002,555.873679,797,525,66,20,1
6016,6016,556.433374,943,1023,168,11,11
6030,6030,556.993091,855,1023,159,33,19
6064,6064,558.352553,989,1023,109,28,19
6067,6067,558.472690,988,1023,131,36,20
6117,6117,560.471805,1064,818,159,28,17
6117,6117,560.471805,1064,830,137,10,17
6117,6117,560.471805,1077,847,72,11,19
6130,6130,560.991445,847,1023,91,14,20
6137,6137,561.271228,1024,1023,77,25,12
6137,6137,561.271228,1001,1022,55,4,12
6159,6159,562.150897,1003,1023,104,33,2
6160,6160,562.190821,975,1023,204,61,19
6160,6160,562.190821,992,1020,53,3,19
6300,6300,567.788653,726,428,82,75,1
6301,6301,567.828683,726,428,77,72,1
6304,6304,567.948656,737,423,57,34,1
6310,6310,568.188411,751,387,67,64,1
6311,6311,568.228253,756,384,66,59,1
6312,6312,568.268381,757,381,88,65,1
6313,6313,568.308362,757,379,80,63,1
6314,6314,568.348389,762,375,51,21,1
6315,6315,568.388531,765,374,71,66,1
6316,6316,568.428435,767,374,133,129,1
6317,6317,568.468455,768,373,68,57,1
6318,6318,568.508387,772,372,78,68,2
6319,6319,568.548291,776,372,70,58,1
6320,6320,568.588255,778,371,85,67,1
6321,6321,568.628151,779,371,64,23,1
6322,6322,568.668271,780,371,107,97,1
6332,6332,569.068208,573,421,59,52,1
6334,6334,569.147948,553,419,74,48,1
6335,6335,569.188095,551,418,148,143,1
6336,6336,569.228076,551,417,143,136,3
6337,6337,569.268118,551,418,153,137,3
6338,6338,569.308198,551,417,140,131,1
6339,6339,569.348052,557,418,73,57,1
6340,6340,569.387929,566,419,64,49,1
6341,6341,569.427855,573,420,77,60,1
6342,6342,569.467797,582,423,79,59,1
6348,6348,569.707829,640,447,78,45,1
6349,6349,569.747867,645,448,87,71,1
6350,6350,569.787817,647,450,112,99,1
6351,6351,569.828019,650,453,85,45,1
6352,6352,569.867868,653,458,104,69,1
6353,6353,569.907829,654,461,89,24,1
6354,6354,569.947709,654,462,114,65,1
6371,6371,570.627601,771,355,76,68,1
6372,6372,570.667512,773,349,73,66,1
6373,6373,570.707654,777,344,56,38,1
6374,6374,570.747563,845,1023,126,63,4
6374,6374,570.747563,776,343,66,60,1
6380,6380,570.987613,784,395,62,36,1
6386,6386,571.227491,820,1023,196,29,6
6387,6387,571.267326,831,1023,80,20,7
6394,6394,571.547280,845,1023,199,40,10
6394,6394,571.547280,816,1023,149,4,10
6394,6394,571.547280,914,452,50,17,1
6395,6395,571.587327,820,1018,162,4,12
6395,6395,571.587327,848,1017,147,12,12
6395,6395,571.587327,836,1018,65,10,12
6407,6407,572.066983,923,385,55,43,1
6409,6409,572.146930,926,381,58,37,1
6411,6411,572.226873,931,373,69,48,1
6412,6412,572.266923,930,372,85,75,1
6413,6413,572.306799,930,373,68,25,1
6414,6414,572.346904,929,372,86,69,2
6415,6415,572.387024,929,374,80,59,1
6417,6417,572.466857,922,376,58,41,1
6418,6418,572.506919,923,379,59,16,1
6420,6420,572.587026,929,386,51,28,1
6421,6421,572.626818,927,391,55,38,1
6424,6424,572.746650,921,408,61,38,1
6426,6426,572.826674,915,418,70,52,1
6431,6431,573.026572,795,1023,88,11,20
6435,6435,573.186411,935,516,62,53,1
6436,6436,573.226581,935,519,52,28,1
6440,6440,573.386434,945,528,76,53,3
6514,6514,576.345339,405,376,54,40,2
6545,6545,577.584763,535,352,56,9,2
6561,6561,578.224489,603,465,54,5,14
6577,6577,578.864217,704,303,54,21,1
6578,6578,578.904238,703,310,53,14,1
6579,6579,578.944271,704,317,66,24,1
6582,6582,579.064167,717,348,67,36,1
6592,6592,579.464146,279,456,89,65,1
6605,6605,579.984100,1187,496,68,6,3
6639,6639,581.343608,743,298,109,77,1
6649,6649,581.743418,805,415,57,19,2
6651,6651,581.823282,791,398,58,41,1
6652,6652,581.863168,787,392,61,14,1
6653,6653,581.903178,786,385,89,36,1
6654,6654,581.943221,785,379,60,23,1
6655,6655,581.983037,784,376,69,10,2
6656,6656,582.023073,783,372,74,45,1
6657,6657,582.063035,785,370,68,16,2
6658,6658,582.103246,784,369,82,35,1
6659,6659,582.143226,782,366,89,46,2
6660,6660,582.182806,784,368,81,32,1
6661,6661,582.222926,789,372,62,38,1
6662,6662,582.263053,793,382,60,13,1
6663,6663,582.303204,793,392,56,11,1
6664,6664,582.343055,793,404,70,20,2
6665,6665,582.383060,795,414,54,12,1
6666,6666,582.422974,800,424,57,21,2
6667,6667,582.462833,801,428,60,19,1
6668,6668,582.503008,801,432,82,36,2
6669,6669,582.542964,799,439,59,6,2
6670,6670,582.582693,799,438,94,37,2
6671,6671,582.622697,801,440,77,29,3
6672,6672,582.662864,804,441,87,35,1
6673,6673,582.702869,804,443,112,50,1
6674,6674,582.742901,802,444,91,58,3
6675,6675,582.782961,801,444,118,80,3
6676,6676,582.822949,802,445,79,22,1
6677,6677,582.862719,804,445,102,56,1
6678,6678,582.902632,804,445,118,78,1
6679,6679,582.942657,804,446,65,22,1
6680,6680,582.982600,804,448,80,27,1
6681,6681,583.022762,805,448,103,41,2
6682,6682,583.062608,806,449,142,114,1
6683,6683,583.102733,807,448,121,72,2
6684,6684,583.142612,807,448,131,68,1
6685,6685,583.182614,806,450,128,91,2
6686,6686,583.222696,805,450,115,42,2
6687,6687,583.262769,807,450,71,14,2
6688,6688,583.302487,809,450,137,85,1
6689,6689,583.342430,809,446,101,29,1
6690,6690,583.382488,808,447,87,25,1
6691,6691,583.422621,808,447,112,66,1
6692,6692,583.462539,809,446,120,55,1
6693,6693,583.502531,810,449,110,53,2
6694,6694,583.542553,810,448,93,25,1
6695,6695,583.582496,809,446,108,52,2
6696,6696,583.622531,808,445,106,74,2
6697,6697,583.662376,809,446,118,85,1
6698,6698,583.702640,811,448,80,13,1
6699,6699,583.742518,812,449,95,49,1
6700,6700,583.782390,811,448,86,20,2
6701,6701,583.822422,810,450,101,61,1
6702,6702,583.862423,810,450,112,73,1
6703,6703,583.902270,812,451,104,64,1
6704,6704,583.942309,813,450,130,61,2
6705,6705,583.982445,811,452,71,23,1
6706,6706,584.022425,808,455,59,3,1
6707,6707,584.062489,805,462,69,24,1
6708,6708,584.102319,805,466,91,17,2
6709,6709,584.142386,803,467,93,47,1
6710,6710,584.182163,905,1019,205,29,19
6710,6710,584.182163,929,1016,183,14,19
6710,6710,584.182163,912,1018,183,6,19
6710,6710,584.182163,939,1023,95,13,19
6710,6710,584.182163,801,473,74,19,2
6711,6711,584.222223,927,1020,183,40,8
6711,6711,584.222223,913,1023,143,8,8
6712,6712,584.262308,793,485,50,13,1
6723,6723,584.702413,524,429,73,49,3
6728,6728,584.901984,429,346,57,2,12
6729,6729,584.941993,460,401,70,15,13
6730,6730,584.981986,450,395,107,20,17
6744,6744,585.541920,608,462,72,42,5
6744,6744,585.541920,605,444,68,31,5
6745,6745,585.581764,599,410,129,16,13
6745,6745,585.581764,601,450,115,2,17
6746,6746,585.621751,610,444,67,3,17
6746,6746,585.621751,608,406,50,3,13
6747,6747,585.661891,624,458,96,6,16
6747,6747,585.661891,618,398,82,2,14
6748,6748,585.701793,630,456,106,2,14
6748,6748,585.701793,628,436,97,3,19
6748,6748,585.701793,621,397,75,2,15
6752,6752,585.861710,629,506,93,8,16
6753,6753,585.901767,635,502,102,6,15
6754,6754,585.941783,620,514,78,2,15
6756,6756,586.021553,586,520,64,4,7
6756,6756,586.021553,587,528,57,3,6
6758,6758,586.101584,573,332,52,3,17
6759,6759,586.141671,567,341,55,4,14
6760,6760,586.181522,396,564,50,2,10
6761,6761,586.221645,555,349,56,3,11
6762,6762,586.261676,377,575,54,3,4
6763,6763,586.301566,364,577,65,4,11
6763,6763,586.301566,561,149,55,9,5
6764,6764,586.341680,362,584,59,3,8
6764,6764,586.341680,558,148,55,2,7
6765,6765,586.381431,554,150,51,2,10
6783,6783,587.100948,337,481,137,58,2
6784,6784,587.141049,337,482,123,22,2
6785,6785,587.180962,342,476,50,11,4
6787,6787,587.261236,362,474,51,8,1
6788,6788,587.300975,368,471,125,22,1
6789,6789,587.341119,367,466,148,23,3
6790,6790,587.381037,363,463,106,18,2
6791,6791,587.421118,357,462,69,12,2
6792,6792,587.460732,349,457,78,8,3
6793,6793,587.500776,341,455,107,17,2
6794,6794,587.540885,331,454,104,18,3
6795,6795,587.580865,323,452,78,10,3
6796,6796,587.620912,313,448,108,49,2
6797,6797,587.661027,307,445,117,51,3
6798,6798,587.700888,303,440,105,19,5
6799,6799,587.740950,303,436,154,9,3
6800,6800,587.780942,303,437,138,5,3
6801,6801,587.820774,306,432,104,15,5
6801,6801,587.820774,306,424,102,11,5
6802,6802,587.860880,301,421,106,34,4
6803,6803,587.900894,295,413,83,4,2
6804,6804,587.940681,288,404,90,17,3
6805,6805,587.980703,282,400,85,15,4
6806,6806,588.020658,277,387,87,4,3
6807,6807,588.060822,271,382,122,18,3
6808,6808,588.100860,267,374,139,11,4
6809,6809,588.140810,265,362,118,23,4
6810,6810,588.180792,265,362,135,13,5
6811,6811,588.220789,264,354,97,14,3
6812,6812,588.260779,256,348,95,8,3
6813,6813,588.300648,249,344,109,4,3
6814,6814,588.340839,243,340,95,18,3
6815,6815,588.380642,241,333,122,28,5
6816,6816,588.420657,239,334,104,20,2
6817,6817,588.460604,238,331,88,8,6
6818,6818,588.500567,234,332,99,13,6
6819,6819,588.540811,238,331,98,3,6
6820,6820,588.580738,237,334,114,17,3
6821,6821,588.620648,238,334,107,4,2
6822,6822,588.660566,239,332,93,9,6
6824,6824,588.740540,254,326,96,15,3
6825,6825,588.780439,258,323,82,17,3
6826,6826,588.820524,263,326,78,4,7
6827,6827,588.860680,273,320,73,4,3
6829,6829,588.940460,304,319,57,21,1
6830,6830,588.980574,315,321,53,6,1
6837,6837,589.260245,451,341,56,25,3
6840,6840,589.380107,504,347,68,8,4
6841,6841,589.420359,511,352,77,10,4
6842,6842,589.460291,528,349,57,4,5
6843,6843,589.500117,535,346,127,31,2
6844,6844,589.540248,544,344,86,15,2
6845,6845,589.580100,553,346,65,9,6
6848,6848,589.700138,606,329,56,20,1
6864,6864,590.339892,941,476,65,11,1
6886,6886,591.219472,853,441,81,38,3
6891,6891,591.659122,785,272,82,21,3
6892,6892,591.699204,785,277,72,12,2
6893,6893,591.739130,781,284,64,18,3
6895,6895,591.819118,783,312,81,18,3
6897,6897,591.899004,772,322,65,35,4
6898,6898,591.938988,765,322,91,26,3
6899,6899,591.979134,761,325,88,37,3
6900,6900,592.019282,759,327,117,75,2
6901,6901,592.059111,760,327,125,78,2
6902,6902,592.099103,761,326,150,87,1
6903,6903,592.138952,759,326,133,81,4
6904,6904,592.178898,760,327,109,38,2
6905,6905,592.218879,762,332,71,8,2
6906,6906,592.258876,764,336,90,40,2
6907,6907,592.298851,770,338,74,43,3
6909,6909,592.379043,781,338,60,18,4
6910,6910,592.418906,784,338,84,27,3
6912,6912,592.498924,789,330,92,36,3
6913,6913,592.538924,792,326,67,29,3
6914,6914,592.578934,797,321,66,35,3
6917,6917,592.698738,816,322,61,9,3
6921,6921,592.858678,823,416,50,12,2
6922,6922,592.898682,825,430,77,19,2
6923,6923,592.938695,826,433,91,42,2
6924,6924,592.978813,825,418,52,13,5
6943,6943,593.738519,957,232,59,25,2
6968,6968,594.738020,824,518,59,15,2
6969,6969,594.777902,832,533,55,9,2
6971,6971,594.857767,834,557,60,20,2
6972,6972,594.897887,836,564,75,19,1
6974,6974,594.977920,825,584,68,11,2
6975,6975,595.018431,824,586,111,67,1
6976,6976,595.057779,825,589,91,27,1
6977,6977,595.097799,826,588,134,77,1
6978,6978,595.137887,827,585,86,19,1
6979,6979,595.177797,832,577,80,25,2
6980,6980,595.217941,834,565,57,19,1
6981,6981,595.257831,831,551,65,14,1
6982,6982,595.297879,829,540,63,16,2
6984,6984,595.377706,822,506,62,17,2
6985,6985,595.417611,822,489,55,13,2
6988,6988,595.537637,819,442,65,10,1
6989,6989,595.577755,821,426,64,26,4
6990,6990,595.617550,821,418,73,26,1
6991,6991,595.657443,820,411,77,22,1
6992,6992,595.697572,818,409,111,71,3
6993,6993,595.737473,815,406,100,48,2
6994,6994,595.777602,813,402,104,46,2
6995,6995,595.817587,813,397,95,40,1
6996,6996,595.857789,815,396,65,27,2
6997,6997,595.897526,818,389,112,65,1
6998,6998,595.937492,819,384,103,39,2
6999,6999,595.977421,821,381,81,26,1
7000,7000,596.017367,825,378,79,12,1
7001,7001,596.057260,829,372,73,8,2
7002,7002,596.097295,831,365,69,39,2
7003,7003,596.137443,832,359,91,13,1
7004,7004,596.178218,831,355,99,22,1
7005,7005,596.217478,831,352,116,41,2
7006,7006,596.257245,831,350,125,75,1
7007,7007,596.297223,826,345,78,14,1
7008,7008,596.337264,822,340,68,42,1
7009,7009,596.377231,820,337,91,30,3
7010,7010,596.417170,819,335,78,28,4
7011,7011,596.457242,820,335,80,24,4
7012,7012,596.497254,819,336,122,78,1
7013,7013,596.537250,817,338,79,22,1
7014,7014,596.577279,817,342,87,32,3
7015,7015,596.617173,820,348,81,26,1
7016,7016,596.657185,820,350,94,44,2
7017,7017,596.697284,823,357,71,22,3
7018,7018,596.737147,822,361,124,71,2
7019,7019,596.777011,821,363,85,34,3
7020,7020,596.817005,823,366,96,43,3
7021,7021,596.857139,824,370,118,41,2
7022,7022,596.897053,823,372,110,50,2
7023,7023,596.937022,822,376,93,28,2
7024,7024,596.977079,823,380,136,68,2
7025,7025,597.017029,823,384,107,46,2
7026,7026,597.057021,823,389,81,17,3
7027,7027,597.096884,825,393,74,27,1
7028,7028,597.136953,826,397,112,71,1
7029,7029,597.177018,824,400,101,56,1
7031,7031,597.257167,825,406,100,71,2
7032,7032,597.297106,828,408,103,61,2
7033,7033,597.336857,828,409,85,31,1
7034,7034,597.376968,828,410,114,58,1
7035,7035,597.416820,829,410,148,119,2
7036,7036,597.456822,829,410,110,77,2
7037,7037,597.496967,830,409,127,73,1
7038,7038,597.536817,829,410,76,9,2
7039,7039,597.576802,829,406,87,8,2
7040,7040,597.616710,831,408,60,13,2
7041,7041,597.656821,833,408,120,62,1
7042,7042,597.696876,831,407,67,29,5
7043,7043,597.736877,827,404,92,50,1
7044,7044,597.776951,826,404,146,100,1
7045,7045,597.816711,825,401,128,72,1
7046,7046,597.856772,825,402,79,12,2
7047,7047,597.896735,823,396,88,48,1
7048,7048,597.936710,821,393,89,52,1
7049,7049,597.976566,823,391,107,71,1
7050,7050,598.016749,827,388,104,68,2
7051,7051,598.056759,829,386,83,18,1
7052,7052,598.096643,829,384,93,49,1
7053,7053,598.136593,825,382,80,49,1
7054,7054,598.176490,824,380,104,62,1
7055,7055,598.216496,825,376,113,57,2
7056,7056,598.256494,825,373,91,31,3
7057,7057,598.296525,824,370,70,11,1
7058,7058,598.336528,824,367,84,38,1
7059,7059,598.376600,827,365,61,11,2
7060,7060,598.416541,831,364,75,22,2
7061,7061,598.456508,834,363,80,25,1
7062,7062,598.496369,835,362,92,51,1
7063,7063,598.536504,837,360,138,87,3
7064,7064,598.576538,841,364,59,13,2
7065,7065,598.616515,844,363,82,14,2
7066,7066,598.656419,845,362,111,41,2
7066,7066,598.656419,1183,1023,88,26,8
7067,7067,598.696254,845,362,125,75,2
7067,7067,598.696254,1177,1023,90,5,13
7068,7068,598.736586,844,361,120,92,1
7069,7069,598.776411,845,360,127,101,1
7070,7070,598.816343,845,359,92,36,2
7071,7071,598.856342,845,358,83,18,2
7072,7072,598.896276,845,358,109,35,3
7073,7073,598.936342,844,361,129,96,1
7074,7074,598.976348,845,362,135,101,3
7075,7075,599.016280,848,366,69,23,2
7076,7076,599.056240,850,366,111,54,1
7077,7077,599.096311,851,367,75,29,3
7078,7078,599.136336,851,372,70,16,2
7079,7079,599.176222,849,374,75,33,2
7080,7080,599.216158,847,378,86,41,1
7081,7081,599.256069,849,382,96,50,2
7082,7082,599.296203,850,384,84,42,1
7083,7083,599.336228,849,388,84,40,2
7084,7084,599.376229,847,390,71,17,1
7085,7085,599.416370,846,392,96,48,1
7086,7086,599.456200,845,392,121,77,2
7087,7087,599.496181,845,392,105,56,3
7088,7088,599.535948,845,392,129,89,3
7089,7089,599.576074,841,394,63,23,1
7090,7090,599.616079,839,394,77,41,1
7091,7091,599.655938,840,394,101,52,2
7092,7092,599.695933,841,396,77,31,2
7094,7094,599.775957,833,394,93,60,1
7095,7095,599.815833,833,392,101,49,2
7096,7096,599.855886,833,390,111,31,2
7097,7097,599.895823,831,389,89,45,1
7098,7098,599.935830,829,387,85,38,1
7099,7099,599.975846,827,385,76,40,2
7100,7100,600.015951,827,384,120,82,2
7101,7101,600.056059,828,385,113,61,1
7106,7106,600.255718,958,1023,135,16,19
7109,7109,600.375752,984,1023,128,29,18
7114,7114,600.575620,1030,1023,140,39,19
7114,7114,600.575620,1075,392,56,7,2
7115,7115,600.615861,1075,391,79,11,1
7116,7116,600.655939,1017,1023,128,30,20
7116,7116,600.655939,1075,396,55,5,3
7120,7120,600.815537,960,1023,124,26,18
7122,7122,600.895666,943,1023,90,15,18
7128,7128,601.135606,1234,942,82,16,20
7128,7128,601.135606,1251,949,64,2,20
7131,7131,601.255365,784,404,68,21,1
7154,7154,602.175062,1224,981,105,10,20
7154,7154,602.175062,1205,975,84,9,18
7173,7173,602.935005,271,1023,92,3,19
7174,7174,602.974875,889,989,115,15,20
7174,7174,602.974875,719,928,106,15,20
7174,7174,602.974875,763,944,105,15,19
7174,7174,602.974875,279,1023,105,27,14
7174,7174,602.974875,871,983,104,7,18
7174,7174,602.974875,787,953,102,10,19
7174,7174,602.974875,878,985,100,2,18
7174,7174,602.974875,748,939,96,4,19
7174,7174,602.974875,775,949,94,3,19
7175,7175,603.014498,1033,1023,79,4,19
7193,7193,603.734304,658,930,92,2,19
7193,7193,603.734304,665,933,92,9,17
7193,7193,603.734304,680,939,88,3,19
7240,7240,605.613676,1160,762,59,3,19
7240,7240,605.613676,1158,771,54,7,19
7241,7241,605.653818,1168,655,77,2,20
7257,7257,606.293557,843,616,54,10,2
7286,7286,607.453019,1127,840,62,20,20
7297,7297,607.892892,861,850,119,88,1
7316,7316,608.652603,787,127,50,6,1
7324,7324,608.972517,819,348,52,15,1
7325,7325,609.013355,819,358,98,64,1
7332,7332,609.292292,761,213,56,17,1
7334,7334,609.372262,754,209,93,46,1
7358,7358,610.332018,1146,398,66,25,2
7358,7358,610.332018,271,161,50,9,14
7375,7375,611.011850,1030,1023,63,3,12
7464,7464,614.570293,851,201,50,14,1
7465,7465,614.610340,853,201,97,66,1
7466,7466,614.650206,853,205,78,27,2
7467,7467,614.690220,851,204,81,41,1
7468,7468,614.730197,849,205,87,48,1
7469,7469,614.769676,849,206,74,7,2
7490,7490,615.609710,809,240,79,18,2
7492,7492,615.689727,806,243,88,47,1
7493,7493,615.729725,806,248,84,29,1
7494,7494,615.769749,805,250,75,10,2
7495,7495,615.809872,802,248,87,51,1
7496,7496,615.849746,802,252,63,3,2
7497,7497,615.889972,804,250,61,14,2
7509,7509,616.369654,477,258,74,8,1
7510,7510,616.409569,474,260,128,45,1
7511,7511,616.449548,473,263,108,2,2
7512,7512,616.489544,478,259,55,4,3
7516,7516,616.649583,513,266,74,5,3
7517,7517,616.689421,523,261,70,17,2
7518,7518,616.729292,528,260,118,64,2
7520,7520,616.809304,548,258,60,18,1
7521,7521,616.849393,554,253,134,5,5
7522,7522,616.889444,559,250,107,51,1
7524,7524,616.969566,582,236,54,9,1
7525,7525,617.009356,590,223,90,10,4
7528,7528,617.129139,630,202,52,9,1
7529,7529,617.169375,638,193,64,7,2
7536,7536,617.449276,730,167,63,8,6
7537,7537,617.489267,738,167,57,14,11
7537,7537,617.489267,738,176,56,6,11
7538,7538,617.529260,745,178,52,21,2
7540,7540,617.609232,768,184,59,11,4
7541,7541,617.649096,774,184,87,11,3
7545,7545,617.809131,813,206,64,9,2
7546,7546,617.849248,822,211,69,5,3
7547,7547,617.889123,830,216,63,14,2
7548,7548,617.928999,840,223,61,16,6
7550,7550,618.009118,858,224,72,25,4
7552,7552,618.089100,883,230,92,39,10
7555,7555,618.209025,768,1023,151,21,4
7559,7559,618.368674,1022,208,61,25,7
7560,7560,618.408817,1038,195,75,35,15
7562,7562,618.488875,1056,187,95,21,18
7562,7562,618.488875,599,1023,64,28,19
7563,7563,618.528974,1065,189,74,7,9
7564,7564,618.568851,1066,191,77,4,6
7565,7565,618.608819,625,982,50,7,8
7566,7566,618.648727,1064,205,99,2,3
7567,7567,618.688573,1072,215,81,19,4
7568,7568,618.728853,1075,229,74,8,5
7569,7569,618.768858,1084,250,66,3,5
7569,7569,618.768858,1081,242,65,6,5
7570,7570,618.808622,1098,262,77,12,11
7571,7571,618.848655,1123,268,61,8,6
7572,7572,618.888929,1138,268,75,8,3
7573,7573,618.928719,1150,273,93,2,6
7574,7574,618.968559,1163,277,81,2,9
7576,7576,619.048396,1178,283,98,4,5
7577,7577,619.088496,1182,282,130,37,6
7578,7578,619.128806,1190,276,107,5,5
7580,7580,619.209024,1171,272,68,4,4
7581,7581,619.248891,1147,281,67,9,8
7582,7582,619.288809,1123,293,86,9,5
7583,7583,619.328250,1101,308,81,24,6
7584,7584,619.368533,1080,320,67,3,4
7585,7585,619.408503,1073,328,72,2,6
7586,7586,619.448581,1071,328,88,2,6
7587,7587,619.488659,1081,321,104,7,19
7588,7588,619.528328,1077,315,93,2,9
7592,7592,619.688554,1080,280,101,8,19
7596,7596,619.848495,1096,270,65,5,17
7598,7598,619.928139,1108,246,82,14,17
7599,7599,619.968504,1118,228,61,8,17
7600,7600,620.008041,1273,860,70,19,20
7600,7600,620.008041,1262,854,57,18,20
7600,7600,620.008041,1152,788,56,18,20
7600,7600,620.008041,1214,826,51,5,20
7601,7601,620.048121,1131,232,62,6,15
7602,7602,620.087841,809,612,114,13,20
7602,7602,620.087841,833,626,107,3,20
7602,7602,620.087841,819,618,106,3,19
7602,7602,620.087841,1113,235,57,9,10
7604,7604,620.168139,1134,777,75,18,20
7604,7604,620.168139,1119,769,65,27,18
7604,7604,620.168139,1127,773,57,2,20
7605,7605,620.208076,1085,221,76,3,14
7605,7605,620.208076,1088,228,74,3,14
7605,7605,620.208076,1099,769,52,7,20
7606,7606,620.248397,1086,250,65,8,19
7615,7615,620.608018,1244,264,50,4,20
7623,7623,620.927536,246,741,55,6,7
7624,7624,620.967429,251,745,64,3,12
7624,7624,620.967429,242,746,61,3,10
7625,7625,621.007422,253,742,69,5,8
7626,7626,621.047569,238,738,57,3,5
7627,7627,621.087423,242,737,84,8,9
7627,7627,621.087423,233,737,68,2,9
7628,7628,621.127560,237,729,60,5,11
7629,7629,621.167692,230,723,68,5,16
7629,7629,621.167692,221,728,66,9,14
7630,7630,621.207563,214,720,69,6,7
7630,7630,621.207563,224,726,67,3,11
7630,7630,621.207563,222,719,66,3,11
7631,7631,621.247712,219,717,81,10,18
7631,7631,621.247712,1264,586,74,30,14
7631,7631,621.247712,1248,580,62,34,16
7632,7632,621.287467,221,720,90,15,12
7632,7632,621.287467,212,720,73,3,11
7632,7632,621.287467,234,50,51,5,18
7633,7633,621.327482,216,716,73,4,16
7633,7633,621.327482,234,38,50,3,19
7634,7634,621.367338,211,714,68,7,16
7634,7634,621.367338,201,710,67,6,9
7635,7635,621.407331,198,706,80,12,7
7635,7635,621.407331,206,710,70,3,13
7636,7636,621.447348,200,708,64,2,5
7636,7636,621.447348,209,703,56,4,11
7638,7638,621.527468,239,0,92,15,18
7638,7638,621.527468,232,1,74,2,20
7638,7638,621.527468,214,696,61,5,16
7638,7638,621.527468,238,22,58,10,14
7639,7639,621.567452,204,689,70,11,8
7640,7640,621.606761,205,681,66,14,12
7640,7640,621.606761,214,681,63,2,13
7640,7640,621.606761,239,18,54,4,13
7642,7642,621.687564,211,670,58,2,10
7642,7642,621.687564,219,670,58,2,11
7643,7643,621.727224,1261,638,83,3,20
7643,7643,621.727224,219,663,69,10,13
7645,7645,621.807517,215,650,60,9,13
7646,7646,621.847249,1198,600,60,24,17
7646,7646,621.847249,213,21,59,4,16
7646,7646,621.847249,1214,608,55,11,19
7647,7647,621.887262,211,15,74,15,11
7648,7648,621.927108,211,12,75,16,15
7648,7648,621.927108,1196,596,59,7,20
7648,7648,621.927108,213,637,57,4,18
7648,7648,621.927108,219,3,53,2,15
7649,7649,621.967225,1195,592,79,20,20
7649,7649,621.967225,204,631,64,2,10
7649,7649,621.967225,210,8,61,7,4
7650,7650,622.007253,209,5,56,6,6
7650,7650,622.007253,1191,588,56,2,20
7651,7651,622.047218,211,0,62,4,2
7652,7652,622.087124,1191,588,78,17,19
7652,7652,622.087124,203,623,61,2,14
7657,7657,622.287135,184,619,57,9,15
7667,7667,622.686781,1268,812,93,43,19
7667,7667,622.686781,1091,382,60,33,2
7667,7667,622.686781,1236,797,57,11,18
7667,7667,622.686781,1258,808,55,10,19
7667,7667,622.686781,1209,784,50,9,19
7668,7668,622.727152,1215,801,91,35,16
7668,7668,622.727152,1231,808,91,20,20
7668,7668,622.727152,1206,796,83,36,15
7668,7668,622.727152,1081,390,72,16,4
7668,7668,622.727152,1190,788,72,9,18
7668,7668,622.727152,1257,821,70,14,17
7668,7668,622.727152,1266,825,64,5,19
7668,7668,622.727152,1273,829,54,2,20
7669,7669,622.767043,1202,804,112,40,20
7669,7669,622.767043,1075,397,82,18,3
7670,7670,622.806779,1073,401,90,15,5
7671,7671,622.846791,1069,401,88,19,3
7672,7672,622.886778,1070,400,97,13,4
7673,7673,622.926784,1070,390,88,11,4
7674,7674,622.966804,1072,382,95,29,3
7675,7675,623.006675,895,640,69,6,20
7675,7675,623.006675,1071,374,62,4,3
7676,7676,623.046676,1062,365,76,16,2
7677,7677,623.086777,1267,800,79,4,19
7677,7677,623.086777,1054,359,76,9,2
7678,7678,623.127181,1232,781,105,23,18
7678,7678,623.127181,1257,792,101,15,16
7678,7678,623.127181,1047,350,93,10,4
7678,7678,623.127181,1266,796,86,22,17
7678,7678,623.127181,1241,785,83,7,17
7680,7680,623.207070,1055,340,74,2,8
7681,7681,623.247160,1069,337,63,8,3
7682,7682,623.287214,1084,325,60,2,6
7683,7683,623.326814,1096,313,62,7,4
7684,7684,623.366672,1105,303,67,2,7
7685,7685,623.407054,1111,295,67,5,5
7686,7686,623.446790,1122,289,72,8,7
7687,7687,623.486723,1130,285,74,6,6
7688,7688,623.526966,1142,275,75,2,6
7689,7689,623.566735,1140,276,126,25,5
7690,7690,623.606934,1143,269,90,16,4
7690,7690,623.606934,1143,278,83,11,4
7692,7692,623.686705,1154,267,103,16,6
7694,7694,623.766515,1157,251,92,6,6
7696,7696,623.846400,1158,221,93,21,9
7697,7697,623.886361,1159,198,84,3,6
7697,7697,623.886361,1158,205,81,2,6
7698,7698,623.926351,1157,184,87,3,11
7699,7699,623.966337,1153,160,77,2,7
7700,7700,624.006393,1153,147,78,5,7
7701,7701,624.046376,1154,123,79,3,6
7702,7702,624.086404,1153,110,95,2,8
7703,7703,624.126420,1150,95,78,9,3
7704,7704,624.166346,1148,85,95,22,4
7705,7705,624.206213,1147,80,107,10,4
7706,7706,624.246210,1150,77,112,29,2
7706,7706,624.246210,69,568,58,5,12
7707,7707,624.286241,1150,73,122,32,3
7708,7708,624.326240,1148,71,132,27,5
7709,7709,624.366425,1148,73,130,14,5
7710,7710,624.406537,1150,76,103,5,4
7711,7711,624.446239,1156,90,100,12,2
7711,7711,624.446239,82,573,53,5,10
7712,7712,624.486107,1162,106,97,11,3
7712,7712,624.486107,85,584,82,7,15
7713,7713,624.526146,1170,124,109,23,1
7715,7715,624.606140,1176,159,79,5,5
7715,7715,624.606140,75,608,64,7,17
7716,7716,624.646302,1181,178,81,9,3
7716,7716,624.646302,84,616,63,3,9
7717,7717,624.686206,1187,196,82,12,3
7718,7718,624.726025,1193,210,91,19,2
7719,7719,624.766022,1197,219,90,13,2
7720,7720,624.805877,1202,227,115,39,1
7720,7720,624.805877,93,643,53,8,17
7721,7721,624.846154,1205,234,120,41,2
7722,7722,624.886144,1207,238,139,44,4
7723,7723,624.926041,1209,241,114,37,4
7724,7724,624.966115,1213,246,100,28,4
7725,7725,625.006186,1219,249,95,32,7
7726,7726,625.046070,1222,248,115,15,9
7726,7726,625.046070,1230,243,56,8,9
7727,7727,625.086035,1226,248,124,31,4
7728,7728,625.125885,1228,244,103,20,5
7729,7729,625.165924,1229,242,105,24,4
7730,7730,625.206084,1230,238,92,13,4
7731,7731,625.245988,1235,226,102,26,4
7732,7732,625.285938,1238,222,83,9,4
7733,7733,625.326030,1240,209,101,20,3
7733,7733,625.326030,111,621,52,3,19
7734,7734,625.365830,1239,203,91,15,3
7735,7735,625.405730,1240,197,84,9,5
7735,7735,625.405730,111,609,51,5,18
7736,7736,625.445810,1246,189,100,8,6
7736,7736,625.445810,118,599,53,5,10
7737,7737,625.485851,1245,183,111,28,5
7738,7738,625.525864,1248,178,103,10,5
7739,7739,625.565907,1249,173,123,41,5
7739,7739,625.565907,167,616,51,11,18
7740,7740,625.605825,1247,171,119,17,5
7741,7741,625.645932,1245,170,143,76,6
7742,7742,625.685677,1244,168,126,45,4
7743,7743,625.725702,1245,166,176,110,5
7743,7743,625.725702,116,557,54,7,14
7744,7744,625.765703,1247,164,128,51,5
7744,7744,625.765703,117,555,54,5,12
7745,7745,625.805888,1246,168,101,34,3
7746,7746,625.845588,1243,174,92,18,5
7747,7747,625.885570,1241,178,107,50,4
7748,7748,625.925554,1239,184,98,25,3
7749,7749,625.965732,1239,189,117,50,5
7750,7750,626.005594,1237,193,110,22,3
7751,7751,626.045600,1235,197,128,34,4
7752,7752,626.085611,1234,200,90,12,3
7753,7753,626.125479,1234,209,104,38,6
7754,7754,626.165362,1236,218,83,5,5
7755,7755,626.205526,1238,224,106,30,5
7756,7756,626.245447,1237,229,104,21,5
7757,7757,626.285630,1234,233,95,22,3
7758,7758,626.325352,1231,241,94,9,4
7760,7760,626.405348,1227,252,112,35,9
7761,7761,626.445453,1227,257,105,19,5
7762,7762,626.485234,1227,260,100,21,5
7763,7763,626.525506,1230,265,97,10,2
7764,7764,626.565389,1233,269,105,13,6
7765,7765,626.605244,1240,280,95,31,4
7766,7766,626.645416,1248,285,78,6,4
7767,7767,626.685238,1255,293,92,16,6
7768,7768,626.725271,1257,298,90,3,10
7769,7769,626.765263,1257,301,81,4,12
7770,7770,626.805262,1261,311,96,17,4
7771,7771,626.845240,1265,319,106,25,6
7772,7772,626.885313,1268,324,124,46,8
7773,7773,626.925125,1272,328,95,5,11
7774,7774,626.965148,1275,334,93,10,6
7775,7775,627.005313,1275,337,86,9,4
7776,7776,627.045009,1276,344,125,25,6
7777,7777,627.085037,1277,347,72,15,6
7778,7778,627.125177,1279,348,122,72,5
7779,7779,627.165170,1276,350,122,58,4
7780,7780,627.205118,1275,350,181,83,8
7781,7781,627.245178,1273,352,93,8,8
7782,7782,627.285194,1269,353,122,29,12
7783,7783,627.325171,1269,354,143,67,10
7784,7784,627.365064,1267,357,126,45,10
7786,7786,627.444951,1262,359,98,14,6
7787,7787,627.485885,1257,360,104,26,10
7788,7788,627.525056,1253,361,82,22,2
7789,7789,627.565189,1251,365,93,19,5
7790,7790,627.604940,1251,366,150,68,3
7791,7791,627.644836,1250,366,138,48,7
7792,7792,627.684976,1249,361,105,15,4
7793,7793,627.724975,1246,358,115,9,5
7794,7794,627.765006,1242,357,79,12,4
7795,7795,627.804799,1238,353,96,24,2
7796,7796,627.844823,1231,345,86,2,4
7797,7797,627.884955,1229,348,100,18,4
7798,7798,627.924692,1225,346,102,12,5
7799,7799,627.964704,1221,339,85,12,3
7800,7800,628.004707,1219,337,104,40,4
7801,7801,628.044769,1216,336,72,6,5
7802,7802,628.084733,1211,334,103,31,4
7803,7803,628.124699,1209,333,102,27,5
7804,7804,628.164721,1211,337,104,6,7
7805,7805,628.204859,1209,340,92,9,3
7806,7806,628.244820,1208,341,111,19,5
7807,7807,628.284809,1207,341,112,38,4
7808,7808,628.324473,1205,340,107,13,4
7809,7809,628.364725,1204,342,160,57,6
7810,7810,628.404737,1205,344,110,31,3
7811,7811,628.444714,1207,346,88,9,5
7812,7812,628.484602,1206,350,88,5,4
7813,7813,628.524622,1203,362,96,22,4
7814,7814,628.564739,1201,367,90,2,4
7815,7815,628.604705,1201,375,92,22,4
7816,7816,628.644607,1201,382,110,36,3
7817,7817,628.684504,1203,384,96,20,6
7818,7818,628.724507,1206,390,116,30,4
7819,7819,628.764598,1208,394,102,16,5
7820,7820,628.804666,1214,398,77,14,4
7821,7821,628.844526,1221,399,75,15,4
7821,7821,628.844526,291,808,57,18,4
7822,7822,628.884430,1226,400,92,11,4
7823,7823,628.924385,1234,403,74,6,5
7824,7824,628.964264,1239,406,84,7,3
7826,7826,629.044408,1243,418,106,38,3
7828,7828,629.124524,1236,423,98,10,7
7829,7829,629.164589,1230,425,112,18,5
7830,7830,629.204304,1226,424,101,23,3
7831,7831,629.244430,1223,420,91,6,5
7832,7832,629.284406,1220,417,92,4,7
7833,7833,629.324558,1218,418,125,25,3
7834,7834,629.364335,1217,413,78,5,3
7835,7835,629.404315,1219,407,100,3,5
7837,7837,629.484297,1223,403,81,6,3
7838,7838,629.524286,1225,394,114,14,3
7839,7839,629.564294,1229,388,74,10,3
7840,7840,629.604293,1237,383,65,9,4
7841,7841,629.644190,1246,377,78,4,3
7842,7842,629.684214,1250,373,85,2,3
7843,7843,629.724413,1253,365,92,4,7
7843,7843,629.724413,0,673,53,6,13
7844,7844,629.764311,1256,361,92,9,6
7845,7845,629.804175,1257,359,85,9,6
7846,7846,629.844201,1261,359,109,32,6
7847,7847,629.884095,1265,354,90,7,8
7848,7848,629.924083,1270,358,106,32,10
7849,7849,629.963935,1277,360,93,31,4
7866,7866,630.643744,1279,378,104,58,5
7867,7867,630.683741,1275,379,102,33,2
7868,7868,630.723721,1275,380,103,8,8
7869,7869,630.763775,1275,379,134,47,4
7870,7870,630.803641,1273,377,102,17,4
7871,7871,630.843661,1270,378,84,2,4
7872,7872,630.883912,1269,377,133,70,8
7872,7872,630.883912,196,0,51,6,16
7873,7873,630.923793,1270,376,135,53,8
7874,7874,630.963697,1274,376,111,34,2
7875,7875,631.003678,1274,376,129,64,2
7876,7876,631.043664,1271,377,105,37,4
7877,7877,631.083735,1271,378,90,26,2
7878,7878,631.123539,1273,374,119,38,7
7879,7879,631.163514,1271,369,111,49,8
7880,7880,631.203515,1269,366,101,22,8
7881,7881,631.244302,1267,363,86,26,6
7882,7882,631.283538,1007,578,181,38,19
7882,7882,631.283538,1266,360,107,22,6
7883,7883,631.323553,1265,356,102,20,6
7884,7884,631.363577,1262,352,103,24,4
7884,7884,631.363577,270,663,53,10,20
7885,7885,631.403676,1259,351,87,12,8
7886,7886,631.443585,1257,350,121,21,8
7887,7887,631.483475,1259,348,102,11,4
7888,7888,631.523542,1261,344,100,23,4
7889,7889,631.563342,1259,340,105,5,2
7890,7890,631.603312,1255,340,81,3,4
7891,7891,631.643474,1252,336,97,15,5
7892,7892,631.683603,974,544,158,34,20
7892,7892,631.683603,1251,331,115,25,1
7893,7893,631.723595,1248,325,96,18,2
7894,7894,631.763472,1244,321,81,28,2
7895,7895,631.803329,1239,320,121,46,3
7896,7896,631.843294,1237,318,123,36,2
7898,7898,631.923202,1234,317,113,38,2
7899,7899,631.963360,1229,316,95,26,2
7900,7900,632.003328,1225,316,93,21,2
7901,7901,632.043182,1224,316,133,47,5
7902,7902,632.083191,1225,317,116,24,3
7903,7903,632.123174,1223,320,104,28,4
7904,7904,632.163259,1220,322,92,19,3
7905,7905,632.203086,1215,324,90,14,4
7906,7906,632.243103,1211,320,88,14,3
7908,7908,632.323183,1202,316,95,21,4
7909,7909,632.363077,1200,316,123,35,5
7909,7909,632.363077,947,492,54,11,18
7910,7910,632.403115,1198,316,122,25,4
7910,7910,632.403115,946,483,101,53,5
7911,7911,632.443119,1196,317,87,20,2
7911,7911,632.443119,941,473,53,4,2
7912,7912,632.482856,934,463,84,45,4
7912,7912,632.482856,1188,316,77,4,2
7913,7913,632.523020,928,454,93,2,4
7913,7913,632.523020,1183,311,75,6,3
7914,7914,632.563121,925,448,96,39,1
7915,7915,632.602989,1180,318,97,14,4
7916,7916,632.643094,918,431,116,63,9
7916,7916,632.643094,1177,319,92,24,3
7917,7917,632.683112,1177,323,106,20,3
7917,7917,632.683112,918,421,72,10,2
7918,7918,632.722894,919,418,108,15,3
7918,7918,632.722894,1179,324,92,13,2
7919,7919,632.762875,1180,328,117,34,5
7920,7920,632.802931,1179,330,124,41,5
7920,7920,632.802931,915,400,69,34,9
7921,7921,632.842877,1177,330,134,40,5
7921,7921,632.842877,912,391,101,40,10
7922,7922,632.882871,1179,331,96,14,2
7923,7923,632.922974,1181,331,106,23,4
7923,7923,632.922974,916,371,86,30,9
7924,7924,632.963102,1183,331,119,31,4
7924,7924,632.963102,917,363,109,79,15
7925,7925,633.002908,920,357,107,40,5
7925,7925,633.002908,1185,330,83,10,5
7926,7926,633.042879,921,354,126,67,2
7926,7926,633.042879,1190,337,90,4,4
7927,7927,633.082819,1193,346,93,6,5
7927,7927,633.082819,924,347,91,33,2
7928,7928,633.122725,919,339,83,71,4
7928,7928,633.122725,1187,342,78,2,5
7929,7929,633.162763,913,331,99,59,1
7929,7929,633.162763,1182,344,95,5,5
7930,7930,633.202642,908,328,108,13,3
7930,7930,633.202642,1179,354,86,11,5
7931,7931,633.242743,899,324,61,2,10
7932,7932,633.282894,888,317,95,34,1
7932,7932,633.282894,1165,362,85,32,4
7933,7933,633.322778,879,314,111,55,1
7933,7933,633.322778,1157,370,81,14,4
7934,7934,633.362660,871,310,87,30,3
7935,7935,633.402763,1139,380,62,2,4
7935,7935,633.402763,859,303,59,12,5
7936,7936,633.442634,847,296,64,16,6
7936,7936,633.442634,1134,379,60,4,6
7937,7937,633.482522,1127,381,85,2,4
7937,7937,633.482522,844,287,72,17,3
7938,7938,633.522656,840,281,115,51,8
7938,7938,633.522656,1125,380,102,21,4
7939,7939,633.562653,1123,385,110,12,5
7939,7939,633.562653,836,272,75,2,5
7940,7940,633.602530,1120,384,100,13,4
7940,7940,633.602530,831,260,55,5,9
7941,7941,633.642624,1119,382,81,8,5
7941,7941,633.642624,830,246,66,11,4
7941,7941,633.642624,823,249,54,3,4
7942,7942,633.682540,680,611,152,36,20
7942,7942,633.682540,1114,378,88,11,4
7942,7942,633.682540,1113,371,83,4,4
7942,7942,633.682540,822,235,69,29,3
7943,7943,633.722526,1114,370,93,2,6
7943,7943,633.722526,820,221,67,14,3
7944,7944,633.762525,1113,373,107,7,5
7944,7944,633.762525,818,209,64,2,5
7945,7945,633.802544,1109,364,85,6,4
7945,7945,633.802544,813,197,52,21,1
7946,7946,633.842765,1109,358,83,8,5
7947,7947,633.882423,649,581,137,13,20
7947,7947,633.882423,1110,349,93,2,4
7947,7947,633.882423,648,598,63,3,20
7948,7948,633.922480,646,575,143,30,16
7948,7948,633.922480,1112,344,87,3,5
7948,7948,633.922480,663,576,87,5,18
7948,7948,633.922480,808,145,59,30,3
7949,7949,633.962554,1113,336,103,21,5
7950,7950,634.002440,1110,330,104,22,6
7951,7951,634.042415,1109,324,86,19,4
7952,7952,634.082293,1107,317,91,22,4
7953,7953,634.122308,1101,309,66,10,3
7954,7954,634.162332,1095,305,95,19,6
7955,7955,634.202403,1089,300,86,9,4
7956,7956,634.242655,1085,301,121,16,5
7957,7957,634.282687,1081,303,83,21,4
7957,7957,634.282687,755,21,70,56,2
7958,7958,634.322484,1074,300,88,5,5
7959,7959,634.362438,1071,308,120,16,5
7960,7960,634.402699,1068,310,91,5,5
7961,7961,634.442437,1059,312,86,17,6
7962,7962,634.482463,1053,314,103,26,5
7963,7963,634.522596,1051,316,97,3,5
7964,7964,634.562443,1050,312,104,10,5
7965,7965,634.602589,1048,317,94,17,5
7966,7966,634.642500,1230,945,126,7,20
7966,7966,634.642500,1216,937,112,18,20
7966,7966,634.642500,1046,311,93,4,5
7967,7967,634.682293,1235,953,129,17,19
7967,7967,634.682293,1257,964,122,8,18
7967,7967,634.682293,1225,948,112,2,19
7967,7967,634.682293,1267,969,95,3,17
7967,7967,634.682293,1036,312,81,7,5
7968,7968,634.722226,1034,307,106,25,5
7968,7968,634.722226,1076,875,106,35,20
7968,7968,634.722226,1090,882,86,2,20
7969,7969,634.762374,1033,306,133,43,6
7969,7969,634.762374,1063,877,68,4,19
7970,7970,634.802351,1029,305,100,25,6
7971,7971,634.842490,1024,304,106,5,6
7972,7972,634.882491,1019,303,122,25,6
7973,7973,634.922478,1017,304,124,28,6
7974,7974,634.962544,1014,306,92,28,7
7974,7974,634.962544,1060,939,70,7,20
7975,7975,635.002355,1006,305,115,58,7
7975,7975,635.002355,1045,945,68,2,20
7976,7976,635.042213,999,305,104,46,6
7977,7977,635.082247,994,304,115,18,7
7978,7978,635.122241,992,305,129,42,5
7979,7979,635.162382,988,305,116,26,5
7980,7980,635.202310,984,305,111,25,5
7981,7981,635.242257,982,305,129,34,7
7982,7982,635.282432,983,306,107,13,8
7983,7983,635.322413,983,305,147,47,5
7984,7984,635.361988,984,304,165,71,5
7985,7985,635.402021,985,305,111,40,10
7987,7987,635.482267,993,309,115,33,9
7988,7988,635.522390,994,310,122,22,6
7989,7989,635.562249,997,310,129,53,7
7990,7990,635.602249,1003,312,91,30,11
7991,7991,635.641905,1008,314,86,11,6
7992,7992,635.681879,1011,315,144,66,11
7993,7993,635.721641,1011,315,106,16,9
7994,7994,635.761633,1012,316,141,51,6
7995,7995,635.801720,1014,317,151,75,12
7996,7996,635.841903,1015,318,170,83,11
7997,7997,635.881984,1015,317,132,38,7
7997,7997,635.881984,0,340,87,12,11
7998,7998,635.921844,1015,317,132,45,11
7998,7998,635.921844,4,340,78,4,16
7999,7999,635.961775,1018,317,137,48,10
8000,8000,636.001705,1018,308,94,7,10
8001,8001,636.041551,1017,309,104,25,9
8002,8002,636.081696,1014,302,126,50,8
8003,8003,636.121694,1012,294,77,10,11
8004,8004,636.161582,1012,288,78,9,5
8005,8005,636.201727,1014,282,107,32,14
8006,8006,636.241728,1014,278,85,6,8
8007,8007,636.281554,1010,272,86,20,7
8008,8008,636.321442,1008,268,90,20,8
8009,8009,636.361449,1005,266,138,25,7
8010,8010,636.401479,1004,266,137,53,11
8011,8011,636.441602,1001,268,92,28,9
8012,8012,636.481720,994,272,89,18,11
8013,8013,636.521730,991,275,82,10,10
8014,8014,636.561610,990,281,138,63,14
8016,8016,636.641481,985,285,121,51,8
8017,8017,636.681684,983,288,140,60,8
8018,8018,636.721494,983,290,125,43,10
8019,8019,636.761485,981,296,103,34,13
8020,8020,636.801491,979,297,108,47,10
8021,8021,636.841437,974,296,122,51,10
8022,8022,636.881336,971,295,176,80,5
8023,8023,636.921373,971,295,172,119,6
8024,8024,636.961340,969,293,134,65,14
8025,8025,637.001350,967,290,174,109,7
8026,8026,637.041223,964,290,117,47,9
8027,8027,637.081204,959,293,94,29,14
8028,8028,637.121377,958,298,134,56,8
8029,8029,637.161635,959,302,85,14,8
8030,8030,637.201376,955,302,135,87,6
8031,8031,637.241253,951,304,105,47,4
8032,8032,637.281299,945,304,101,62,7
8033,8033,637.321258,942,305,97,28,12
8034,8034,637.361271,939,306,204,132,10
8035,8035,637.401252,940,308,159,86,5
8036,8036,637.441130,941,308,154,95,9
8037,8037,637.481257,939,311,191,130,11
8038,8038,637.521292,939,314,153,90,7
8039,8039,637.561209,940,315,117,31,6
8040,8040,637.601131,941,312,109,44,7
8041,8041,637.641019,939,310,139,91,8
8042,8042,637.681009,935,306,129,52,6
8043,8043,637.720917,935,304,148,69,5
8044,8044,637.761168,935,300,164,94,11
8045,8045,637.801162,937,298,116,60,6
8046,8046,637.841137,936,294,115,21,7
8047,8047,637.880971,936,293,100,29,6
8048,8048,637.921052,935,293,109,34,8
8049,8049,637.960943,940,294,112,75,6
8050,8050,638.001048,946,294,111,53,5
8051,8051,638.041068,951,294,101,53,7
8052,8052,638.080919,955,294,173,107,5
8053,8053,638.120995,958,295,137,80,5
8054,8054,638.160837,962,294,105,63,6
8055,8055,638.200841,968,293,137,82,6
8056,8056,638.240888,971,293,188,125,5
8057,8057,638.280843,973,293,117,58,7
8058,8058,638.320875,979,297,120,68,8
8059,8059,638.360859,986,300,78,33,7
8060,8060,638.400826,991,304,77,2,4
8061,8061,638.440809,994,308,89,19,7
8062,8062,638.480816,996,314,67,4,5
8063,8063,638.520805,1000,318,120,71,4
8064,8064,638.560687,1007,324,108,63,6
8065,8065,638.600712,1012,331,76,11,6
8066,8066,638.640720,1014,338,60,4,6
8067,8067,638.680751,1020,347,90,33,4
8068,8068,638.720707,1022,352,110,57,5
8069,8069,638.760739,1022,353,85,8,6
8070,8070,638.800722,1026,364,81,3,5
8071,8071,638.840624,1026,368,77,4,5
8072,8072,638.880603,1030,373,101,48,5
8073,8073,638.920775,1032,376,114,30,5
8074,8074,638.960700,1036,382,58,9,6
8074,8074,638.960700,1034,374,57,9,6
8075,8075,639.000622,1041,385,67,10,7
8077,8077,639.080736,1057,394,73,12,5
8078,8078,639.120610,1063,398,64,22,6
8079,8079,639.160625,1070,399,57,18,5
8080,8080,639.200399,1082,400,65,33,7
8081,8081,639.240635,1090,401,83,16,6
8082,8082,639.280532,1099,402,58,12,7
8083,8083,639.320423,1107,403,67,11,5
8084,8084,639.360507,1114,408,67,5,6
8085,8085,639.400606,1121,412,53,5,7
8087,8087,639.480388,1139,410,51,8,4
8088,8088,639.520281,1145,410,57,7,6
8089,8089,639.560424,1152,408,66,11,4
8090,8090,639.600388,1153,408,74,6,5
8091,8091,639.640287,1156,400,73,7,11
8092,8092,639.680393,1153,400,77,6,5
8092,8092,639.680393,1156,393,76,8,5
8094,8094,639.760296,1155,389,104,14,5
8095,8095,639.800292,1155,390,89,19,5
8096,8096,639.840258,1157,378,73,7,6
8098,8098,639.920290,1153,367,79,3,8
8099,8099,639.960270,1151,360,69,13,6
8100,8100,640.000412,1152,360,84,11,7
8100,8100,640.000412,1150,352,77,6,7
8101,8101,640.040303,1147,356,86,20,5
8102,8102,640.080062,1143,356,112,45,5
8103,8103,640.120161,1141,354,88,18,7
8104,8104,640.160063,1139,349,78,15,6
8105,8105,640.200063,1136,343,78,14,6
8106,8106,640.240063,1129,341,81,22,6
8107,8107,640.280049,1121,339,53,2,11
8108,8108,640.320073,1115,342,75,23,7
8109,8109,640.360073,1109,340,61,4,7
8110,8110,640.400087,1106,345,78,10,7
8111,8111,640.439801,1103,348,72,4,7
8112,8112,640.479922,1100,351,88,32,7
8114,8114,640.560208,1089,356,74,8,10
8115,8115,640.599929,1086,360,76,14,9
8116,8116,640.639962,1086,364,96,43,6
8117,8117,640.679951,1083,367,86,3,8
8118,8118,640.719944,1082,369,106,34,8
8119,8119,640.759955,1080,376,86,7,5
8120,8120,640.799928,1081,386,85,2,4
8121,8121,640.839846,1080,380,82,5,9
8122,8122,640.879965,1076,382,84,29,13
8124,8124,640.959753,1076,386,83,2,14
8125,8125,640.999832,1072,386,90,18,11
8125,8125,640.999832,75,260,56,17,18
8126,8126,641.039730,1073,388,78,3,8
8127,8127,641.079724,1072,388,107,17,9
8127,8127,641.079724,57,252,50,16,8
8128,8128,641.119735,1072,390,101,22,7
8128,8128,641.119735,69,260,55,19,17
8128,8128,641.119735,54,252,52,13,5
8130,8130,641.200508,1068,390,99,34,8
8131,8131,641.239734,1066,392,68,16,7
8131,8131,641.239734,42,254,56,21,9
8132,8132,641.279716,1064,392,113,59,9
8132,8132,641.279716,40,254,56,14,8
8133,8133,641.319749,1066,392,89,13,9
8133,8133,641.319749,1064,384,75,2,9
8133,8133,641.319749,48,259,52,26,19
8134,8134,641.359732,1064,384,85,3,13
8135,8135,641.399493,1062,388,93,12,12
8135,8135,641.399493,31,244,54,6,11
8137,8137,641.479520,1064,369,68,8,9
8139,8139,641.559611,1074,318,63,5,10
8144,8144,641.759473,1098,189,53,11,16
8145,8145,641.799455,1100,178,56,4,12
8146,8146,641.839404,1102,153,78,22,10
8150,8150,641.999714,1092,97,60,5,16
8151,8151,642.039535,1091,93,92,18,17
8152,8152,642.079457,1089,88,109,34,15
8153,8153,642.119404,1087,83,113,22,17
8155,8155,642.199327,1072,71,110,30,20
8156,8156,642.239435,1061,65,101,28,12
8157,8157,642.279433,1055,63,133,43,13
8160,8160,642.399177,1031,61,77,9,16
8161,8161,642.439195,1025,74,50,5,20
8162,8162,642.479348,1018,84,62,11,19
8170,8170,642.799089,941,372,58,7,19
8172,8172,642.879149,931,452,81,27,14
8173,8173,642.919081,928,488,96,23,10
8174,8174,642.959067,925,522,67,6,19
8174,8174,642.959067,925,513,63,3,19
8176,8176,643.038905,920,577,111,17,13
8177,8177,643.078977,915,600,134,31,15
8179,8179,643.159008,917,638,112,38,17
8181,8181,643.238945,921,682,92,16,13
8185,8185,643.398902,921,802,55,4,15
8185,8185,643.398902,928,808,52,7,15
8186,8186,643.438751,928,835,64,5,17
8186,8186,643.438751,927,828,63,2,17
8187,8187,643.478745,933,860,91,17,13
8188,8188,643.518702,934,879,68,2,13
8190,8190,643.598767,950,914,70,4,13
8191,8191,643.638781,962,918,212,148,20
8196,8196,643.838725,995,830,93,40,15
8196,8196,643.838725,995,822,69,4,15
8197,8197,643.878623,1000,785,84,23,15
8198,8198,643.918767,1006,742,89,18,17
8198,8198,643.918767,1005,750,84,9,14
8199,8199,643.958649,1012,700,70,19,18
8200,8200,643.998675,1022,668,53,8,18
8201,8201,644.038546,1042,624,50,7,17
8202,8202,644.078625,1052,582,59,4,16
8204,8204,644.158508,1076,506,68,11,13
8205,8205,644.198787,1082,471,93,17,9
8206,8206,644.238623,1086,448,85,8,15
8206,8206,644.238623,1085,456,84,10,15
8208,8208,644.318310,1088,398,84,2,15
8209,8209,644.358458,1087,378,97,19,17
8214,8214,644.558473,1084,346,147,30,19
8215,8215,644.598560,1080,346,202,37,11
8215,8215,644.598560,1090,340,58,9,11
8215,8215,644.598560,1089,356,54,3,11
8216,8216,644.638351,1079,346,132,8,14
8221,8221,644.838472,1072,392,169,75,14
8225,8225,644.998342,1072,422,153,49,17
8229,8229,645.158356,1075,460,132,30,18
8229,8229,645.158356,1082,468,75,29,18
8235,8235,645.398275,1081,500,155,57,20
8235,8235,645.398275,1088,509,72,19,20
8236,8236,645.438228,1084,504,173,59,11
8236,8236,645.438228,1091,513,84,19,10
8237,8237,645.478311,1084,507,195,82,20
8237,8237,645.478311,1091,517,65,11,20
8238,8238,645.518128,1083,510,240,103,17
8238,8238,645.518128,1081,518,135,30,17
8244,8244,645.758104,1083,507,213,46,19
8244,8244,645.758104,1090,516,61,10,19
8247,8247,645.877888,1094,506,203,52,12
8264,8264,646.557562,1120,442,216,33,19
8264,8264,646.557562,1127,452,96,48,19
8266,8266,646.637699,1115,444,245,120,17
8266,8266,646.637699,1121,454,85,11,17
8267,8267,646.677550,1114,442,246,80,15
8268,8268,646.717674,1115,440,245,83,16
8268,8268,646.717674,1121,449,87,2,16
8269,8269,646.757564,1114,439,204,14,9
8272,8272,646.877413,1114,444,182,61,14
8272,8272,646.877413,1115,436,127,16,14
8272,8272,646.877413,1121,454,73,2,14
8273,8273,646.917563,1115,444,245,83,13
8273,8273,646.917563,1113,452,117,30,13
8273,8273,646.917563,1121,453,105,61,12
8274,8274,646.957555,1113,444,194,31,16
8276,8276,647.037577,1126,437,52,13,19
8277,8277,647.077714,1120,448,174,37,15
8278,8278,647.117489,1121,449,224,48,14
8278,8278,647.117489,1127,459,113,31,14
8279,8279,647.157295,1119,450,200,32,13
8279,8279,647.157295,1128,444,88,10,13
8280,8280,647.197196,1117,449,194,34,15
8281,8281,647.237478,1119,446,206,64,16
8281,8281,647.237478,1126,456,90,45,16
8282,8282,647.277437,1120,447,190,49,15
8282,8282,647.277437,1127,456,87,27,15
8283,8283,647.317224,1120,450,211,63,20
8283,8283,647.317224,1128,445,98,3,20
8283,8283,647.317224,1127,459,86,2,20
8284,8284,647.357257,1119,449,206,35,14
8286,8286,647.437202,1119,447,182,18,16
8287,8287,647.477251,1120,444,220,61,16
8287,8287,647.477251,1128,438,86,14,16
8288,8288,647.517375,1120,443,225,53,15
8289,8289,647.557117,1118,444,201,41,17
8289,8289,647.557117,1126,440,100,8,17
8289,8289,647.557117,1123,454,87,12,17
8292,8292,647.676970,1118,449,220,102,16
8320,8320,648.796576,1120,466,176,27,18
8320,8320,648.796576,1121,456,139,5,18
8320,8320,648.796576,1127,474,84,25,18
8323,8323,648.916551,1122,465,232,81,17
8324,8324,648.956651,1121,465,245,96,20
8326,8326,649.036563,1126,470,230,83,20
8327,8327,649.076387,1124,470,211,59,18
8327,8327,649.076387,1123,478,143,55,18
8327,8327,649.076387,1134,463,78,24,18
8329,8329,649.155722,1120,466,246,85,17
8329,8329,649.155722,1127,477,86,29,17
8330,8330,649.196387,1122,468,207,52,20
8330,8330,649.196387,1128,477,127,18,20
8331,8331,649.236382,1121,469,237,86,20
8331,8331,649.236382,1127,479,110,51,20
8335,8335,649.396427,1119,469,222,64,13
8336,8336,649.436408,1118,470,242,70,17
8336,8336,649.436408,1119,461,128,43,17
8336,8336,649.436408,1117,478,120,31,17
8336,8336,649.436408,1125,479,84,16,17
8337,8337,649.476431,1116,470,232,57,19
8341,8341,649.636431,1112,471,223,41,19
8341,8341,649.636431,1120,464,94,21,19
8341,8341,649.636431,1119,480,88,20,19
8348,8348,649.916341,1112,473,187,31,19
8349,8349,649.956321,1113,473,197,56,17
8349,8349,649.956321,1119,482,117,32,17
8351,8351,650.036206,1114,470,245,95,16
8351,8351,650.036206,1122,479,76,20,16
8352,8352,650.076104,1118,471,211,52,16
8352,8352,650.076104,1126,465,79,25,15
8353,8353,650.116110,1119,473,217,39,19
8354,8354,650.156217,1118,474,210,44,16
8354,8354,650.156217,1119,464,148,55,16
8354,8354,650.156217,1125,482,98,11,16
8356,8356,650.236250,1120,470,244,104,17
8356,8356,650.236250,1127,479,86,5,17
8360,8360,650.396222,1123,432,98,7,18
8361,8361,650.436132,1124,406,123,28,14
8362,8362,650.476031,1123,383,94,4,12
8363,8363,650.516151,1121,356,88,10,19
8364,8364,650.555989,1119,335,83,2,16
8365,8365,650.596181,1117,310,92,12,16
8367,8367,650.676104,1115,280,123,19,16
8369,8369,650.756100,1123,288,61,7,16
8371,8371,650.835926,1118,312,99,3,19
8372,8372,650.875938,1128,343,52,18,17
8376,8376,651.035820,1127,466,83,2,20
8379,8379,651.155905,1125,549,128,21,17
8379,8379,651.155905,1127,540,113,3,17
8382,8382,651.276330,1126,577,239,98,17
8382,8382,651.276330,1132,587,82,29,17
8384,8384,651.355751,1124,557,120,13,13
8384,8384,651.355751,1132,553,68,2,13
8385,8385,651.395845,1122,539,131,32,19
8386,8386,651.435874,1121,518,91,9,19
8386,8386,651.435874,1128,526,62,8,19
8386,8386,651.435874,1130,509,50,12,18
8387,8387,651.475833,1121,490,111,18,12
8387,8387,651.475833,1120,499,102,6,12
8387,8387,651.475833,1128,499,59,7,12
8388,8388,651.515677,1121,469,142,12,16
8388,8388,651.515677,1128,479,83,9,16
8392,8392,651.675544,1128,448,213,39,17
8392,8392,651.675544,1135,456,75,9,16
8393,8393,651.715684,1135,467,75,26,17
8401,8401,652.035635,1148,503,181,45,20
8401,8401,652.035635,1154,513,82,29,18
8402,8402,652.075506,1150,500,157,28,11
8402,8402,652.075506,1152,491,115,15,11
8405,8405,652.195736,1162,480,69,10,18
8406,8406,652.235509,1155,461,149,33,13
8406,8406,652.235509,1164,455,65,3,10
8407,8407,652.275508,1156,456,239,106,20
8408,8408,652.315628,1158,450,199,66,10
8408,8408,652.315628,1165,459,86,11,10
8409,8409,652.355478,1159,442,187,55,19
8409,8409,652.355478,1158,451,124,17,20
8409,8409,652.355478,1166,452,85,13,19
8410,8410,652.395394,1158,434,169,25,17
8411,8411,652.435422,1157,429,164,33,16
8413,8413,652.515498,1159,421,162,20,9
8413,8413,652.515498,1168,415,85,15,8
8414,8414,652.555308,1156,416,205,35,12
8414,8414,652.555308,1164,410,82,34,8
8415,8415,652.595353,1154,410,179,48,8
8417,8417,652.675487,1153,408,176,27,11
8418,8418,652.715330,1151,408,215,76,16
8419,8419,652.755227,1150,406,198,58,16
8420,8420,652.795316,1150,402,194,62,11
8421,8421,652.835312,1148,401,198,39,17
8421,8421,652.835312,1155,410,96,10,17
8423,8423,652.915201,1150,406,204,75,12
8423,8423,652.915201,1158,400,76,19,10
8424,8424,652.955251,1154,408,204,69,10
8424,8424,652.955251,1161,417,91,33,10
8424,8424,652.955251,1162,400,67,3,9
8425,8425,652.995208,1156,406,235,77,11
8426,8426,653.035207,1158,408,189,22,9
8427,8427,653.075088,1162,410,195,61,8
8427,8427,653.075088,1170,403,68,12,8
8428,8428,653.115195,1163,411,213,31,13
8429,8429,653.155412,1165,414,185,46,14
8429,8429,653.155412,1172,423,92,2,15
8430,8430,653.195119,1166,416,238,81,7
8430,8430,653.195119,1165,424,106,15,11
8431,8431,653.235234,1167,420,185,38,9
8432,8432,653.275007,1168,424,194,62,11
8432,8432,653.275007,1175,432,94,7,11
8432,8432,653.275007,1176,417,81,14,9
8434,8434,653.355024,1172,444,160,31,14
8435,8435,653.394996,1172,452,232,84,12
8435,8435,653.394996,1178,459,88,5,13
8436,8436,653.435163,1171,456,194,70,10
8436,8436,653.435163,1177,464,92,17,16
8437,8437,653.475162,1172,462,145,23,10
8437,8437,653.475162,1179,470,114,8,16
8438,8438,653.515128,1173,470,153,18,13
8438,8438,653.515128,1179,478,74,14,13
8439,8439,653.555044,1174,474,157,29,6
8440,8440,653.595033,1176,473,179,63,6
8440,8440,653.595033,1175,482,101,4,17
8440,8440,653.595033,1183,483,90,37,18
8441,8441,653.635033,1179,471,214,52,8
8442,8442,653.675048,1180,470,246,92,6
8443,8443,653.715126,1183,470,255,112,8
8443,8443,653.715126,1181,478,117,27,14
8443,8443,653.715126,1189,480,84,2,16
8444,8444,653.755053,1188,471,154,10,9
8445,8445,653.795305,1190,468,244,116,7
8445,8445,653.795305,1196,477,119,34,9
8446,8446,653.834954,1190,466,246,86,8
8446,8446,653.834954,1198,461,100,4,8
8447,8447,653.874869,1191,462,213,69,7
8447,8447,653.874869,1189,470,129,6,7
8448,8448,653.914986,1194,460,224,112,9
8449,8449,653.954963,1196,458,191,39,18
8449,8449,653.954963,1203,468,74,19,18
8450,8450,653.994980,1196,456,244,99,5
8451,8451,654.035020,1195,452,196,53,10
8451,8451,654.035020,1201,460,83,6,10
8452,8452,654.075025,1195,447,204,88,9
8452,8452,654.075025,1202,455,86,11,9
8453,8453,654.115128,1192,444,163,37,5
8453,8453,654.115128,1191,452,117,2,5
8453,8453,654.115128,1200,439,95,29,5
8454,8454,654.154915,1186,441,137,18,8
8455,8455,654.194744,1178,438,115,12,6
8456,8456,654.234738,1170,436,125,8,8
8457,8457,654.274747,1166,434,176,29,14
8457,8457,654.274747,1174,427,63,12,14
8458,8458,654.314789,1161,434,143,28,7
8459,8459,654.354803,1158,429,200,70,9
8460,8460,654.394802,1156,426,180,39,8
8460,8460,654.394802,1163,421,100,10,8
8461,8461,654.435055,1153,426,191,52,11
8462,8462,654.474793,1154,427,177,36,7
8462,8462,654.474793,1162,421,64,23,7
8463,8463,654.514972,1158,428,150,19,5
8463,8463,654.514972,1166,437,75,18,5
8463,8463,654.514972,1168,423,54,16,5
8464,8464,654.554810,1163,428,224,56,11
8465,8465,654.594929,1164,428,255,102,8
8466,8466,654.634917,1167,428,206,77,6
8466,8466,654.634917,1176,423,68,11,6
8467,8467,654.674816,1176,428,119,27,6
8468,8468,654.714832,1180,428,170,23,13
8468,8468,654.714832,1187,436,98,20,12
8469,8469,654.754796,1182,422,161,9,9
8469,8469,654.754796,1188,432,96,17,9
8470,8470,654.794815,1183,421,198,74,12
8470,8470,654.794815,1190,430,86,19,12
8471,8471,654.834807,1186,418,203,68,5
8471,8471,654.834807,1192,428,94,20,5
8472,8472,654.874651,1190,417,251,128,6
8472,8472,654.874651,1197,425,93,21,6
8473,8473,654.914751,1192,414,217,87,7
8474,8474,654.954695,1192,410,251,103,6
8475,8475,654.994763,1194,408,164,41,8
8476,8476,655.034809,1196,406,216,71,9
8477,8477,655.074610,1193,407,189,38,9
8478,8478,655.114492,1191,409,187,49,9
8478,8478,655.114492,1197,417,106,10,9
8479,8479,655.154521,1192,409,255,110,10
8479,8479,655.154521,1198,417,116,39,10
8480,8480,655.194379,1194,408,216,79,9
8481,8481,655.234497,1198,406,178,52,8
8481,8481,655.234497,1206,415,58,7,8
8482,8482,655.274491,1203,408,224,71,10
8482,8482,655.274491,1210,403,95,17,10
8483,8483,655.314519,1203,413,150,11,7
8483,8483,655.314519,1209,423,69,14,7
8484,8484,655.354561,1203,424,125,14,8
8485,8485,655.394515,1207,427,158,48,5
8485,8485,655.394515,1216,421,53,26,5
8486,8486,655.434436,1210,426,255,129,8
8487,8487,655.474682,1210,427,181,51,5
8488,8488,655.514419,1205,433,151,35,5
8489,8489,655.554435,1203,435,186,56,8
8489,8489,655.554435,1211,443,79,20,8
8490,8490,655.594435,1203,437,169,46,8
8491,8491,655.634307,1203,438,188,46,9
8492,8492,655.674463,1200,440,185,51,11
8493,8493,655.714325,1197,444,181,55,11
8493,8493,655.714325,1204,452,75,25,11
8494,8494,655.754583,1197,447,168,20,9
8494,8494,655.754583,1205,455,72,3,9
8495,8495,655.794448,1198,446,248,120,8
8495,8495,655.794448,1205,442,103,5,8
8495,8495,655.794448,1205,455,72,5,8
8496,8496,655.834513,1196,450,215,91,5
8497,8497,655.874399,1194,456,170,36,9
8498,8498,655.914206,1192,449,145,10,10
8498,8498,655.914206,1200,445,70,10,10
8499,8499,655.954258,1192,435,131,12,8
8500,8500,655.994407,1189,419,104,2,6
8501,8501,656.034409,1187,411,149,16,8
8502,8502,656.074168,1188,398,156,8,7
8504,8504,656.154246,1192,386,175,16,7
8505,8505,656.194279,1191,382,171,62,8
8505,8505,656.194279,1198,389,109,11,8
8506,8506,656.234274,1188,377,169,32,6
8507,8507,656.274179,1188,376,222,68,7
8507,8507,656.274179,1195,371,96,11,7
8508,8508,656.314343,1192,378,219,97,11
8509,8509,656.354408,1194,382,172,30,9
8510,8510,656.394089,1195,384,218,60,11
8511,8511,656.434038,1195,388,172,14,12
8511,8511,656.434038,1202,395,59,12,12
8512,8512,656.474103,1194,394,180,43,8
8513,8513,656.514135,1194,402,188,45,8
8513,8513,656.514135,1202,410,72,33,8
8514,8514,656.554050,1195,408,184,58,9
8514,8514,656.554050,1202,415,96,18,9
8515,8515,656.594066,1194,414,205,77,11
8516,8516,656.634154,1193,419,132,11,11
8517,8517,656.674069,1197,430,132,34,9
8517,8517,656.674069,1196,421,107,9,9
8518,8518,656.714182,1198,440,208,51,8
8518,8518,656.714182,1205,448,64,38,8
8519,8519,656.754084,1195,451,113,16,7
8520,8520,656.794093,1194,464,149,5,6
8521,8521,656.834095,1195,482,119,5,8
8522,8522,656.874151,1197,496,116,4,9
8522,8522,656.874151,1197,488,114,3,9
8523,8523,656.914082,1196,510,187,40,6
8524,8524,656.954134,1194,522,175,49,10
8525,8525,656.994229,1194,528,177,52,7
8526,8526,657.033993,1196,534,231,94,10
8526,8526,657.033993,1202,541,103,25,10
8527,8527,657.073887,1196,534,231,75,11
8527,8527,657.073887,1202,544,78,35,11
8528,8528,657.113863,1195,536,189,45,7
8529,8529,657.153898,1196,534,208,85,10
8530,8530,657.193759,1202,532,163,48,6
8531,8531,657.233913,1208,528,188,58,6
8531,8531,657.233913,1216,535,56,35,6
8532,8532,657.274033,1209,520,120,13,9
8533,8533,657.314057,1208,508,190,78,7
8534,8534,657.353914,1207,502,203,63,10
8535,8535,657.393961,1207,496,167,51,9
8535,8535,657.393961,1214,505,67,2,9
8536,8536,657.433853,1212,488,176,53,7
8537,8537,657.473839,1216,478,135,21,6
8537,8537,657.473839,1224,473,90,16,6
8538,8538,657.513809,1215,470,135,29,7
8539,8539,657.553949,1210,460,135,37,6
8540,8540,657.593813,1208,448,145,30,5
8541,8541,657.633825,1209,431,135,10,8
8542,8542,657.673909,1208,422,144,18,7
8543,8543,657.713604,1206,412,195,88,9
8543,8543,657.713604,1214,407,90,2,9
8544,8544,657.753827,1206,405,205,66,8
8544,8544,657.753827,1213,415,55,2,8
8545,8545,657.793873,1206,400,196,51,5
8545,8545,657.793873,1214,395,90,8,5
8546,8546,657.833853,1205,394,169,32,8
8547,8547,657.873880,1205,390,220,96,7
8547,8547,657.873880,1212,398,87,48,7
8548,8548,657.913656,1208,388,251,141,9
8548,8548,657.913656,1216,395,63,3,9
8549,8549,657.953800,1216,386,182,88,8
8550,8550,657.993728,1222,384,148,36,8
8550,8550,657.993728,1230,379,91,17,8
8551,8551,658.033736,1227,381,137,13,6
8552,8552,658.073632,1232,378,254,130,10
8553,8553,658.113758,1236,375,159,35,8
8553,8553,658.113758,1244,384,57,25,8
8554,8554,658.153875,1242,370,115,3,12
8554,8554,658.153875,1250,378,58,22,12
8555,8555,658.193759,1249,366,125,24,6
8556,8556,658.233636,1252,364,238,114,14
8557,8557,658.273814,1248,362,195,56,9
8557,8557,658.273814,1247,354,90,5,9
8558,8558,658.313579,1241,358,145,23,7
8559,8559,658.353530,1238,355,219,94,12
8560,8560,658.393667,1239,355,182,23,10
8561,8561,658.433693,1240,358,170,31,8
8561,8561,658.433693,1248,367,91,33,8
8562,8562,658.473576,1238,360,238,77,10
8563,8563,658.513440,1236,360,234,118,9
8564,8564,658.553436,1233,362,196,63,7
8565,8565,658.593592,1227,366,157,25,9
8565,8565,658.593592,1234,373,62,11,9
8566,8566,658.633598,1220,367,166,34,7
8567,8567,658.673338,1217,370,158,27,8
8567,8567,658.673338,1223,379,79,24,8
8568,8568,658.713359,1217,376,150,38,9
8569,8569,658.753329,1217,381,160,44,11
8570,8570,658.793332,1217,382,210,61,9
8571,8571,658.833442,1217,382,188,38,13
8571,8571,658.833442,1225,375,67,4,13
8572,8572,658.873366,1220,384,147,34,5
8573,8573,658.913460,1223,387,157,36,10
8574,8574,658.953218,1224,389,220,90,8
8574,8574,658.953218,1232,383,79,31,8
8575,8575,658.993345,1223,389,185,52,10
8575,8575,658.993345,1230,397,91,16,10
8576,8576,659.033262,1223,388,241,102,8
8576,8576,659.033262,1231,382,73,36,8
8577,8577,659.073386,1224,385,173,33,11
8577,8577,659.073386,1232,380,74,14,11
8578,8578,659.113273,1223,383,169,11,6
8579,8579,659.153237,1217,385,138,32,8
8580,8580,659.193214,1214,386,201,81,9
8580,8580,659.193214,1222,381,91,34,9
8581,8581,659.233398,1213,386,235,103,9
8582,8582,659.273133,1213,386,182,30,12
8583,8583,659.313292,1212,388,215,71,10
8583,8583,659.313292,1219,396,83,6,10
8584,8584,659.353395,1211,394,152,21,9
8585,8585,659.393453,1212,398,206,63,6
8586,8586,659.433282,1215,401,140,25,11
8587,8587,659.473059,1216,400,245,110,9
8588,8588,659.513177,1217,401,176,35,11
8588,8588,659.513177,1226,395,82,48,11
8589,8589,659.553299,1221,403,195,51,9
8590,8590,659.593077,1222,406,255,123,8
8591,8591,659.633084,1220,406,169,13,10
8592,8592,659.673013,1217,404,173,40,8
8593,8593,659.713071,1217,402,220,78,10
8594,8594,659.753119,1219,404,171,45,9
8595,8595,659.793212,1219,406,197,62,12
8596,8596,659.833208,1219,406,184,49,8
8597,8597,659.873113,1221,406,195,67,7
8598,8598,659.912996,1224,405,255,118,9
8599,8599,659.953129,1225,406,250,125,11
8600,8600,659.992872,1226,406,191,42,7
8601,8601,660.032874,1230,409,186,57,8
8602,8602,660.073001,1234,409,247,114,7
8602,8602,660.073001,1241,416,122,16,7
8603,8603,660.112915,1235,411,129,12,9
8604,8604,660.152893,1237,417,150,40,9
8605,8605,660.192918,1241,420,154,9,10
8606,8606,660.232982,1242,418,255,123,13
8606,8606,660.232982,1249,426,110,17,13
8606,8606,660.232982,1249,412,93,8,13
8607,8607,660.272921,1240,416,224,83,9
8608,8608,660.312932,1241,416,252,124,8
8609,8609,660.352803,1242,422,141,28,9
8610,8610,660.392805,1242,434,133,11,9
8610,8610,660.392805,1242,423,124,3,9
8611,8611,660.432794,1239,436,189,68,8
8611,8611,660.432794,1245,444,72,26,8
8612,8612,660.472842,1234,440,141,30,10
8612,8612,660.472842,1242,435,96,2,10
8613,8613,660.512939,1234,442,170,45,10
8613,8613,660.512939,1241,436,82,4,10
8614,8614,660.552742,1233,444,171,26,6
8615,8615,660.592809,1233,446,199,61,13
8616,8616,660.632864,1233,446,204,61,9
8616,8616,660.632864,1240,453,76,11,9
8617,8617,660.672807,1236,444,158,41,10
8617,8617,660.672807,1244,451,76,38,10
8618,8618,660.712870,1245,439,95,5,5
8619,8619,660.752748,1252,434,156,53,8
8619,8619,660.752748,1260,429,83,14,12
8620,8620,660.792627,1255,434,126,3,18
8621,8621,660.832850,1257,425,147,8,14
8621,8621,660.832850,1266,417,83,35,14
8622,8622,660.872603,1259,418,148,26,20
8623,8623,660.912600,1260,408,153,28,10
8624,8624,660.952487,1259,401,157,38,8
8624,8624,660.952487,1266,393,58,19,8
8625,8625,660.992771,1256,394,154,42,12
8626,8626,661.032772,1253,390,190,39,12
8627,8627,661.072686,1249,386,130,14,6
8628,8628,661.112650,1246,381,173,57,11
8629,8629,661.152651,1241,373,105,10,9
8630,8630,661.192772,1236,367,137,21,7
8631,8631,661.232637,1232,363,135,26,9
8631,8631,661.232637,1240,359,102,14,9
8632,8632,661.273433,1228,359,149,19,8
8633,8633,661.312570,1222,353,126,17,7
8634,8634,661.352481,1217,349,144,33,6
8635,8635,661.392655,1215,348,157,20,10
8636,8636,661.432548,1215,348,170,53,8
8636,8636,661.432548,1222,343,115,14,8
8637,8637,661.472569,1216,350,243,122,10
8637,8637,661.472569,1223,343,81,3,10
8638,8638,661.512505,1217,350,215,64,13
8639,8639,661.552594,1219,354,160,23,9
8640,8640,661.592589,1226,359,119,17,6
8641,8641,661.632602,1231,366,150,28,13
8642,8642,661.672609,1235,370,141,11,11
8642,8642,661.672609,1242,365,90,7,11
8643,8643,661.712395,1239,378,120,7,8
8643,8643,661.712395,1238,371,115,5,8
8644,8644,661.752391,1243,389,125,13,7
8645,8645,661.792382,1246,396,125,6,9
8645,8645,661.792382,1254,389,83,20,11
8645,8645,661.792382,1254,403,73,8,11
8646,8646,661.832378,1248,400,203,77,9
8647,8647,661.872257,1250,401,112,12,8
8648,8648,661.912266,1253,412,121,6,16
8649,8649,661.952375,1252,422,161,19,9
8650,8650,661.992480,1251,427,188,65,16
8651,8651,662.032258,1252,430,135,12,11
8652,8652,662.072231,1253,436,171,45,15
8653,8653,662.112310,1253,436,235,112,14
8654,8654,662.152286,1254,436,255,105,10
8655,8655,662.192193,1256,434,226,94,20
8656,8656,662.232280,1258,434,255,102,12
8657,8657,662.272309,1260,433,236,127,12
8658,8658,662.312183,1262,432,218,57,12
8659,8659,662.352244,1266,430,138,19,12
8660,8660,662.392213,1272,424,188,74,11
8661,8661,662.432320,1276,422,144,38,6
8662,8662,662.472326,1279,421,53,10,3
8677,8677,663.072184,1277,401,160,68,10
8678,8678,663.112077,1274,406,145,35,10
8679,8679,663.151926,1270,408,151,23,16
8680,8680,663.192060,1267,412,150,44,16
8681,8681,663.231949,1263,416,137,22,10
8682,8682,663.272019,1260,418,197,59,12
8683,8683,663.311840,1256,418,150,29,12
8684,8684,663.351768,1254,417,122,2,16
8685,8685,663.391908,1249,418,179,41,8
8686,8686,663.431776,1248,421,190,65,5
8687,8687,663.471671,1244,424,148,35,6
8687,8687,663.471671,1252,419,102,5,6
8688,8688,663.511699,1238,426,126,21,6
8689,8689,663.551823,1232,426,162,45,6
8690,8690,663.591928,1228,424,192,67,7
8691,8691,663.631835,1224,423,151,37,5
8692,8692,663.671818,1222,425,115,6,11
8693,8693,663.711963,1213,425,128,17,10
8694,8694,663.751842,1212,425,224,86,7
8695,8695,663.791704,1216,426,213,104,5
8696,8696,663.831791,1221,426,191,63,8
8697,8697,663.871778,1226,426,190,74,8
8698,8698,663.911577,1232,426,167,57,9
8699,8699,663.951600,1241,425,119,21,6
8700,8700,663.991602,1252,422,133,49,9
8701,8701,664.031623,1263,420,106,18,10
8702,8702,664.071696,1274,417,137,70,13
8703,8703,664.111804,1279,417,86,42,4
8720,8720,664.791391,1279,402,69,7,7
8722,8722,664.871566,1271,408,158,36,12
8723,8723,664.911503,1269,408,222,115,17
8724,8724,664.951550,1267,408,147,22,14
8725,8725,664.991595,1265,411,128,6,14
8726,8726,665.031503,1264,414,207,97,14
8727,8727,665.071381,1263,416,167,37,20
8728,8728,665.111509,1262,418,222,91,12
8729,8729,665.151372,1262,418,239,129,20
8730,8730,665.191395,1263,417,133,19,12
8731,8731,665.231528,1264,416,199,57,10
8732,8732,665.271631,1266,416,237,109,16
8733,8733,665.311546,1267,416,157,20,20
8734,8734,665.351454,1266,410,186,83,10
8735,8735,665.391421,885,1023,209,45,5
8735,8735,665.391421,1266,405,197,75,8
8736,8736,665.431314,878,1023,125,2,8
8737,8737,665.471187,858,1023,208,41,12
8737,8737,665.471187,1271,404,171,49,12
8737,8737,665.471187,886,1018,168,13,12
8738,8738,665.511306,1269,401,143,35,20
8739,8739,665.551178,1267,392,138,18,10
8740,8740,665.591292,1267,392,122,5,18
8741,8741,665.631420,1268,380,204,83,10
8742,8742,665.671185,1267,374,123,19,10
8743,8743,665.711186,1265,367,121,12,14
8744,8744,665.751091,1264,358,181,64,10
8745,8745,665.791337,1264,350,179,25,14
8746,8746,665.831294,1264,342,150,44,10
8746,8746,665.831294,793,1023,112,10,17
8747,8747,665.871139,1264,338,176,62,20
8748,8748,665.911106,1264,334,188,58,12
8749,8749,665.951103,1264,332,177,49,10
8749,8749,665.951103,1272,325,69,5,10
8750,8750,665.991120,1266,326,179,47,18
8751,8751,666.031002,1268,322,198,70,18
8752,8752,666.070992,1273,324,149,16,18
8753,8753,666.111148,1276,324,161,80,8
8754,8754,666.151153,1277,322,187,105,14
8755,8755,666.191042,1276,322,198,87,8
8756,8756,666.231137,1277,324,163,78,10
8757,8757,666.271169,1279,326,108,25,7
8776,8776,667.030909,725,1023,69,22,19
8814,8814,668.550471,1136,891,90,10,20
8823,8823,668.910415,1185,865,115,12,19
8844,8844,669.749942,865,1023,120,26,20
8859,8859,670.349767,1273,993,76,26,17
8861,8861,670.429931,213,16,50,18,18
8918,8918,672.709074,349,46,58,23,20
9045,9045,677.787225,165,227,86,8,2
9046,9046,677.827128,166,230,116,19,7
9046,9046,677.827128,166,220,107,13,7
9047,9047,677.866996,166,230,101,10,4
9048,9048,677.906919,175,228,111,15,14
9049,9049,677.947014,178,228,100,11,9
9049,9049,677.947014,170,230,67,9,7
9050,9050,677.987022,182,226,104,6,11
9050,9050,677.987022,182,218,98,2,11
9051,9051,678.027087,181,226,108,29,10
9051,9051,678.027087,183,217,95,12,10
9051,9051,678.027087,172,226,60,8,10
9052,9052,678.067084,181,226,112,30,14
9052,9052,678.067084,183,217,94,8,13
9052,9052,678.067084,172,226,60,6,13
9058,9058,678.306852,175,236,51,2,7
9060,9060,678.386813,189,232,51,9,19
9062,9062,678.466799,206,260,97,9,9
9062,9062,678.466799,205,247,82,3,14
9062,9062,678.466799,197,260,53,7,9
9063,9063,678.506744,212,254,103,15,16
9064,9064,678.546744,217,269,89,9,12
9064,9064,678.546744,217,258,79,2,15
9065,9065,678.586874,225,276,107,15,13
9065,9065,678.586874,224,268,85,3,12
9066,9066,678.627002,227,284,120,24,15
9066,9066,678.627002,227,273,91,2,19
9067,9067,678.666725,229,280,93,8,14
9071,9071,678.826660,238,305,117,18,11
9071,9071,678.826660,238,316,115,10,11
9075,9075,678.985885,241,328,99,10,20
9075,9075,678.985885,242,316,94,3,19
9076,9076,679.026495,240,328,108,17,15
9076,9076,679.026495,242,319,98,6,19
9096,9096,679.826399,240,259,94,4,3
9098,9098,679.906388,254,264,109,15,15
9101,9101,680.026381,251,256,68,6,11
9306,9306,688.663552,1001,377,84,24,5
